[
  {
    "pk": 1, 
    "model": "maap.maapmodel", 
    "fields": {
      "banner_slots": "", 
      "category": [
        56, 
        59, 
        30, 
        41
      ], 
      "description": "Lorem ipsum dolor sit amet, consectetur adipiscing elit. Fusce et mi nisl. Pellentesque in mauris arcu, eget laoreet risus. Proin tellus metus, commodo vel tincidunt in, ullamcorper sit amet odio. Ut volutpat adipiscing lobortis. Nullam congue, ipsum vel molestie pharetra, odio eros eleifend turpis, a iaculis quam elit eget orci. Praesent id adipiscing tortor. Sed at nulla eu diam tristique lacinia. In vulputate ullamcorper quam, pharetra aliquet metus faucibus eu. In interdum pretium elit, ac fermentum quam sodales non. Nulla malesuada rutrum auctor. Etiam eu lorem libero, quis hendrerit risus. Nam tortor purus, elementum sed sollicitudin id, posuere at libero. Cras urna turpis, viverra eu luctus sed, pellentesque nec lectus. Sed placerat massa vel mauris auctor egestas. Proin facilisis justo in nisl sollicitudin quis adipiscing quam volutpat. Integer eget lectus mauris, in blandit est. Proin tincidunt sem vel eros elementum fringilla. Praesent sit amet eros sit amet eros aliquam bibendum vel ut eros. Fusce ullamcorper, erat et tempus feugiat, felis urna iaculis ante, fermentum ornare augue diam nec turpis. ", 
      "created": "2010-03-25 18:51:47", 
      "changed": "2010-03-25 18:52:53", 
      "editor": 1, 
      "default_layers": "", 
      "metadata": null, 
      "creator": 1, 
      "slug": "plaza-del-barco", 
      "tags": "", 
      "name": "Plaza del Barco"
    }
  }, 
  {
    "pk": 2, 
    "model": "maap.maapmodel", 
    "fields": {
      "banner_slots": "", 
      "category": [
        58, 
        59, 
        62
      ], 
      "description": "Lorem ipsum dolor sit amet, consectetur adipiscing elit. Fusce et mi nisl. Pellentesque in mauris arcu, eget laoreet risus. Proin tellus metus, commodo vel tincidunt in, ullamcorper sit amet odio. Ut volutpat adipiscing lobortis. Nullam congue, ipsum vel molestie pharetra, odio eros eleifend turpis, a iaculis quam elit eget orci. Praesent id adipiscing tortor. Sed at nulla eu diam tristique lacinia. In vulputate ullamcorper quam, pharetra aliquet metus faucibus eu. In interdum pretium elit, ac fermentum quam sodales non. Nulla malesuada rutrum auctor. Etiam eu lorem libero, quis hendrerit risus. Nam tortor purus, elementum sed sollicitudin id, posuere at libero. Cras urna turpis, viverra eu luctus sed, pellentesque nec lectus. Sed placerat massa vel mauris auctor egestas. Proin facilisis justo in nisl sollicitudin quis adipiscing quam volutpat. Integer eget lectus mauris, in blandit est. Proin tincidunt sem vel eros elementum fringilla. Praesent sit amet eros sit amet eros aliquam bibendum vel ut eros. Fusce ullamcorper, erat et tempus feugiat, felis urna iaculis ante, fermentum ornare augue diam nec turpis. ", 
      "created": "2010-03-25 18:55:54", 
      "changed": "2010-03-25 18:55:54", 
      "editor": 1, 
      "default_layers": "", 
      "metadata": null, 
      "creator": 1, 
      "slug": "restoran-america", 
      "tags": "", 
      "name": "Restoran America"
    }
  }, 
  {
    "pk": 3, 
    "model": "maap.maapmodel", 
    "fields": {
      "banner_slots": "", 
      "category": [
        41, 
        47
      ], 
      "description": "Lorem ipsum dolor sit amet, consectetur adipiscing elit. Quisque porta libero id felis eleifend hendrerit sollicitudin nunc eleifend. Vestibulum ante ipsum primis in faucibus orci luctus et ultrices posuere cubilia Curae; Proin id tempor ipsum. Pellentesque posuere diam sit amet odio pretium et sollicitudin lectus ultricies. Nullam eu purus vel leo tristique iaculis vel a dolor. Praesent faucibus condimentum diam vel venenatis. Etiam augue nibh, accumsan at faucibus non, rutrum vel metus. Nunc vehicula auctor viverra. Sed in hendrerit urna. Integer vitae eros eros, quis rutrum sem. Vestibulum ante ipsum primis in faucibus orci luctus et ultrices posuere cubilia Curae; Duis ut justo ac arcu viverra tincidunt. ", 
      "created": "2010-03-26 17:49:56", 
      "changed": "2010-03-26 17:49:56", 
      "editor": 1, 
      "default_layers": "", 
      "metadata": null, 
      "creator": 1, 
      "slug": "plaza-de-las-amercas", 
      "tags": "", 
      "name": "Plaza de las Am\u00e9rcas"
    }
  }, 
  {
    "pk": 4, 
    "model": "maap.maapmodel", 
    "fields": {
      "banner_slots": "", 
      "category": [
        47
      ], 
      "description": "", 
      "created": "2010-03-26 17:50:37", 
      "changed": "2010-03-26 17:50:37", 
      "editor": 1, 
      "default_layers": "", 
      "metadata": null, 
      "creator": 1, 
      "slug": "plaza-rivadavia", 
      "tags": "", 
      "name": "Plaza rivadavia"
    }
  }, 
  {
    "pk": 5, 
    "model": "maap.maapmodel", 
    "fields": {
      "banner_slots": "", 
      "category": [
        33, 
        35
      ], 
      "description": "", 
      "created": "2010-03-26 17:51:28", 
      "changed": "2010-03-26 17:51:28", 
      "editor": 1, 
      "default_layers": "", 
      "metadata": null, 
      "creator": 1, 
      "slug": "central-de-policia", 
      "tags": "", 
      "name": "Central de Polic\u00eda"
    }
  }, 
  {
    "pk": 6, 
    "model": "maap.maapmodel", 
    "fields": {
      "banner_slots": "", 
      "category": [
        33, 
        35
      ], 
      "description": "Lorem ipsum dolor sit amet, consectetur adipiscing elit. Quisque porta libero id felis eleifend hendrerit sollicitudin nunc eleifend. Vestibulum ante ipsum primis in faucibus orci luctus et ultrices posuere cubilia Curae; Proin id tempor ipsum. Pellentesque posuere diam sit amet odio pretium et sollicitudin lectus ultricies. Nullam eu purus vel leo tristique iaculis vel a dolor. Praesent faucibus condimentum diam vel venenatis. Etiam augue nibh, accumsan at faucibus non, rutrum vel metus. Nunc vehicula auctor viverra. Sed in hendrerit urna. Integer vitae eros eros, quis rutrum sem. Vestibulum ante ipsum primis in faucibus orci luctus et ultrices posuere cubilia Curae; Duis ut justo ac arcu viverra tincidunt. ", 
      "created": "2010-03-26 17:52:36", 
      "changed": "2010-03-26 17:52:36", 
      "editor": 1, 
      "default_layers": "", 
      "metadata": null, 
      "creator": 1, 
      "slug": "comisaria-n5", 
      "tags": "", 
      "name": "Comisar\u00eda N\u00b05"
    }
  }, 
  {
    "pk": 7, 
    "model": "maap.maapmodel", 
    "fields": {
      "banner_slots": "", 
      "category": [
        33, 
        35
      ], 
      "description": "", 
      "created": "2010-03-26 17:54:24", 
      "changed": "2010-03-26 17:54:37", 
      "editor": 1, 
      "default_layers": "", 
      "metadata": null, 
      "creator": 1, 
      "slug": "comisaria-n9", 
      "tags": "", 
      "name": "Comisar\u00eda N\u00b09"
    }
  }, 
  {
    "pk": 8, 
    "model": "maap.maapmodel", 
    "fields": {
      "banner_slots": "", 
      "category": [
        58
      ], 
      "description": "Lorem ipsum dolor sit amet, consectetur adipiscing elit. Quisque porta libero id felis eleifend hendrerit sollicitudin nunc eleifend. Vestibulum ante ipsum primis in faucibus orci luctus et ultrices posuere cubilia Curae; Proin id tempor ipsum. Pellentesque posuere diam sit amet odio pretium et sollicitudin lectus ultricies. Nullam eu purus vel leo tristique iaculis vel a dolor. Praesent faucibus condimentum diam vel venenatis. Etiam augue nibh, accumsan at faucibus non, rutrum vel metus. Nunc vehicula auctor viverra. Sed in hendrerit urna. Integer vitae eros eros, quis rutrum sem. Vestibulum ante ipsum primis in faucibus orci luctus et ultrices posuere cubilia Curae; Duis ut justo ac arcu viverra tincidunt. ", 
      "created": "2010-03-26 17:56:34", 
      "changed": "2010-03-26 17:56:34", 
      "editor": 1, 
      "default_layers": "", 
      "metadata": null, 
      "creator": 1, 
      "slug": "alcorta-restoran", 
      "tags": "", 
      "name": "Alcorta Restor\u00e1n"
    }
  }, 
  {
    "pk": 9, 
    "model": "maap.maapmodel", 
    "fields": {
      "banner_slots": "", 
      "category": [
        58
      ], 
      "description": "", 
      "created": "2010-03-26 17:59:06", 
      "changed": "2010-03-26 17:59:06", 
      "editor": 1, 
      "default_layers": "", 
      "metadata": null, 
      "creator": 1, 
      "slug": "lomitos-348", 
      "tags": "", 
      "name": "Lomitos 348"
    }
  }, 
  {
    "pk": 10, 
    "model": "maap.maapmodel", 
    "fields": {
      "banner_slots": "", 
      "category": [
        58, 
        57
      ], 
      "description": "Lorem ipsum dolor sit amet, consectetur adipiscing elit. Quisque porta libero id felis eleifend hendrerit sollicitudin nunc eleifend. Vestibulum ante ipsum primis in faucibus orci luctus et ultrices posuere cubilia Curae; Proin id tempor ipsum. Pellentesque posuere diam sit amet odio pretium et sollicitudin lectus ultricies. Nullam eu purus vel leo tristique iaculis vel a dolor. Praesent faucibus condimentum diam vel venenatis. Etiam augue nibh, accumsan at faucibus non, rutrum vel metus. Nunc vehicula auctor viverra. Sed in hendrerit urna. Integer vitae eros eros, quis rutrum sem. Vestibulum ante ipsum primis in faucibus orci luctus et ultrices posuere cubilia Curae; Duis ut justo ac arcu viverra tincidunt. ", 
      "created": "2010-03-26 18:00:44", 
      "changed": "2010-03-26 18:00:44", 
      "editor": 1, 
      "default_layers": "", 
      "metadata": null, 
      "creator": 1, 
      "slug": "strega-pizzas", 
      "tags": "", 
      "name": "Strega pizzas"
    }
  }, 
  {
    "pk": 11, 
    "model": "maap.maapmodel", 
    "fields": {
      "banner_slots": "", 
      "category": [
        58, 
        61, 
        57
      ], 
      "description": "Lorem ipsum dolor sit amet, consectetur adipiscing elit. Quisque porta libero id felis eleifend hendrerit sollicitudin nunc eleifend. Vestibulum ante ipsum primis in faucibus orci luctus et ultrices posuere cubilia Curae; Proin id tempor ipsum. Pellentesque posuere diam sit amet odio pretium et sollicitudin lectus ultricies. Nullam eu purus vel leo tristique iaculis vel a dolor. Praesent faucibus condimentum diam vel venenatis. Etiam augue nibh, accumsan at faucibus non, rutrum vel metus. Nunc vehicula auctor viverra. Sed in hendrerit urna. Integer vitae eros eros, quis rutrum sem. Vestibulum ante ipsum primis in faucibus orci luctus et ultrices posuere cubilia Curae; Duis ut justo ac arcu viverra tincidunt. ", 
      "created": "2010-03-26 18:01:50", 
      "changed": "2010-03-26 18:01:50", 
      "editor": 1, 
      "default_layers": "", 
      "metadata": null, 
      "creator": 1, 
      "slug": "roticeria-moncholo", 
      "tags": "", 
      "name": "Roticer\u00eda Moncholo"
    }
  }, 
  {
    "pk": 53, 
    "model": "maap.maapcategory", 
    "fields": {
      "rght": 8, 
      "name": "Espacios Deportivos", 
      "parent": null, 
      "level": 0, 
      "show_all": false, 
      "lft": 1, 
      "tree_id": 8, 
      "is_public": true, 
      "slug": "espacios-deportivos", 
      "maapmodel": []
    }
  }, 
  {
    "pk": 55, 
    "model": "maap.maapcategory", 
    "fields": {
      "rght": 5, 
      "name": "Canchas de Futbol", 
      "parent": 53, 
      "level": 1, 
      "show_all": false, 
      "lft": 4, 
      "tree_id": 8, 
      "is_public": true, 
      "slug": "canchas-de-futbol", 
      "maapmodel": []
    }
  }, 
  {
    "pk": 54, 
    "model": "maap.maapcategory", 
    "fields": {
      "rght": 3, 
      "name": "Clubes", 
      "parent": 53, 
      "level": 1, 
      "show_all": false, 
      "lft": 2, 
      "tree_id": 8, 
      "is_public": true, 
      "slug": "clubes", 
      "maapmodel": []
    }
  }, 
  {
    "pk": 56, 
    "model": "maap.maapcategory", 
    "fields": {
      "rght": 7, 
      "name": "Canchas de Basquet", 
      "parent": 53, 
      "level": 1, 
      "show_all": false, 
      "lft": 6, 
      "tree_id": 8, 
      "is_public": true, 
      "slug": "canchas-de-basquet", 
      "maapmodel": []
    }
  }, 
  {
    "pk": 58, 
    "model": "maap.maapcategory", 
    "fields": {
      "rght": 3, 
      "name": "Restaurantes", 
      "parent": 57, 
      "level": 1, 
      "show_all": false, 
      "lft": 2, 
      "tree_id": 9, 
      "is_public": true, 
      "slug": "restaurantes", 
      "maapmodel": []
    }
  }, 
  {
    "pk": 59, 
    "model": "maap.maapcategory", 
    "fields": {
      "rght": 5, 
      "name": "Resto-Bares", 
      "parent": 57, 
      "level": 1, 
      "show_all": false, 
      "lft": 4, 
      "tree_id": 9, 
      "is_public": true, 
      "slug": "resto-bares", 
      "maapmodel": []
    }
  }, 
  {
    "pk": 60, 
    "model": "maap.maapcategory", 
    "fields": {
      "rght": 7, 
      "name": "Bares", 
      "parent": 57, 
      "level": 1, 
      "show_all": false, 
      "lft": 6, 
      "tree_id": 9, 
      "is_public": true, 
      "slug": "bares", 
      "maapmodel": []
    }
  }, 
  {
    "pk": 61, 
    "model": "maap.maapcategory", 
    "fields": {
      "rght": 9, 
      "name": "Delivery", 
      "parent": 57, 
      "level": 1, 
      "show_all": false, 
      "lft": 8, 
      "tree_id": 9, 
      "is_public": true, 
      "slug": "delivery", 
      "maapmodel": []
    }
  }, 
  {
    "pk": 57, 
    "model": "maap.maapcategory", 
    "fields": {
      "rght": 12, 
      "name": "Gastronom\u00eda", 
      "parent": null, 
      "level": 0, 
      "show_all": false, 
      "lft": 1, 
      "tree_id": 9, 
      "is_public": true, 
      "slug": "gastronomia", 
      "maapmodel": []
    }
  }, 
  {
    "pk": 62, 
    "model": "maap.maapcategory", 
    "fields": {
      "rght": 11, 
      "name": "Helader\u00edas", 
      "parent": 57, 
      "level": 1, 
      "show_all": false, 
      "lft": 10, 
      "tree_id": 9, 
      "is_public": true, 
      "slug": "heladerias", 
      "maapmodel": []
    }
  }, 
  {
    "pk": 63, 
    "model": "maap.maapcategory", 
    "fields": {
      "rght": 4, 
      "name": "Farmacias", 
      "parent": null, 
      "level": 0, 
      "show_all": false, 
      "lft": 1, 
      "tree_id": 10, 
      "is_public": true, 
      "slug": "farmacias", 
      "maapmodel": []
    }
  }, 
  {
    "pk": 64, 
    "model": "maap.maapcategory", 
    "fields": {
      "rght": 3, 
      "name": "Farmacity", 
      "parent": 63, 
      "level": 1, 
      "show_all": false, 
      "lft": 2, 
      "tree_id": 10, 
      "is_public": true, 
      "slug": "farmacity", 
      "maapmodel": []
    }
  }, 
  {
    "pk": 32, 
    "model": "maap.maapcategory", 
    "fields": {
      "rght": 5, 
      "name": "Centros de Salud", 
      "parent": 30, 
      "level": 1, 
      "show_all": false, 
      "lft": 4, 
      "tree_id": 1, 
      "is_public": true, 
      "slug": "centros-de-salud", 
      "maapmodel": []
    }
  }, 
  {
    "pk": 34, 
    "model": "maap.maapcategory", 
    "fields": {
      "rght": 8, 
      "name": "Comando Radioel\u00e9ctrico", 
      "parent": 33, 
      "level": 2, 
      "show_all": false, 
      "lft": 7, 
      "tree_id": 1, 
      "is_public": true, 
      "slug": "comando-radioelectrico", 
      "maapmodel": []
    }
  }, 
  {
    "pk": 30, 
    "model": "maap.maapcategory", 
    "fields": {
      "rght": 12, 
      "name": "Instituciones P\u00fablicas", 
      "parent": null, 
      "level": 0, 
      "show_all": false, 
      "lft": 1, 
      "tree_id": 1, 
      "is_public": true, 
      "slug": "instituciones-publicas", 
      "maapmodel": []
    }
  }, 
  {
    "pk": 33, 
    "model": "maap.maapcategory", 
    "fields": {
      "rght": 11, 
      "name": "Polic\u00eda", 
      "parent": 30, 
      "level": 1, 
      "show_all": false, 
      "lft": 6, 
      "tree_id": 1, 
      "is_public": true, 
      "slug": "policia", 
      "maapmodel": []
    }
  }, 
  {
    "pk": 35, 
    "model": "maap.maapcategory", 
    "fields": {
      "rght": 10, 
      "name": "Comisar\u00edas", 
      "parent": 33, 
      "level": 2, 
      "show_all": false, 
      "lft": 9, 
      "tree_id": 1, 
      "is_public": true, 
      "slug": "comisarias", 
      "maapmodel": []
    }
  }, 
  {
    "pk": 31, 
    "model": "maap.maapcategory", 
    "fields": {
      "rght": 3, 
      "name": "Hospitales", 
      "parent": 30, 
      "level": 1, 
      "show_all": false, 
      "lft": 2, 
      "tree_id": 1, 
      "is_public": true, 
      "slug": "hospitales", 
      "maapmodel": []
    }
  }, 
  {
    "pk": 36, 
    "model": "maap.maapcategory", 
    "fields": {
      "rght": 4, 
      "name": "Instituciones de Gobierno", 
      "parent": null, 
      "level": 0, 
      "show_all": false, 
      "lft": 1, 
      "tree_id": 2, 
      "is_public": true, 
      "slug": "instituciones-de-gobierno", 
      "maapmodel": []
    }
  }, 
  {
    "pk": 37, 
    "model": "maap.maapcategory", 
    "fields": {
      "rght": 3, 
      "name": "CPC", 
      "parent": 36, 
      "level": 1, 
      "show_all": false, 
      "lft": 2, 
      "tree_id": 2, 
      "is_public": true, 
      "slug": "cpc", 
      "maapmodel": []
    }
  }, 
  {
    "pk": 39, 
    "model": "maap.maapcategory", 
    "fields": {
      "rght": 3, 
      "name": "Universidades", 
      "parent": 38, 
      "level": 1, 
      "show_all": false, 
      "lft": 2, 
      "tree_id": 3, 
      "is_public": true, 
      "slug": "universidades", 
      "maapmodel": []
    }
  }, 
  {
    "pk": 41, 
    "model": "maap.maapcategory", 
    "fields": {
      "rght": 6, 
      "name": "P\u00fablicos", 
      "parent": 40, 
      "level": 2, 
      "show_all": false, 
      "lft": 5, 
      "tree_id": 3, 
      "is_public": true, 
      "slug": "publicos", 
      "maapmodel": []
    }
  }, 
  {
    "pk": 38, 
    "model": "maap.maapcategory", 
    "fields": {
      "rght": 10, 
      "name": "Instituciones Educativas", 
      "parent": null, 
      "level": 0, 
      "show_all": false, 
      "lft": 1, 
      "tree_id": 3, 
      "is_public": true, 
      "slug": "instituciones-educativas", 
      "maapmodel": []
    }
  }, 
  {
    "pk": 40, 
    "model": "maap.maapcategory", 
    "fields": {
      "rght": 9, 
      "name": "Colegios", 
      "parent": 38, 
      "level": 1, 
      "show_all": false, 
      "lft": 4, 
      "tree_id": 3, 
      "is_public": true, 
      "slug": "colegios", 
      "maapmodel": []
    }
  }, 
  {
    "pk": 42, 
    "model": "maap.maapcategory", 
    "fields": {
      "rght": 8, 
      "name": "Privados", 
      "parent": 40, 
      "level": 2, 
      "show_all": false, 
      "lft": 7, 
      "tree_id": 3, 
      "is_public": true, 
      "slug": "privados", 
      "maapmodel": []
    }
  }, 
  {
    "pk": 44, 
    "model": "maap.maapcategory", 
    "fields": {
      "rght": 4, 
      "name": "Conectividad", 
      "parent": null, 
      "level": 0, 
      "show_all": false, 
      "lft": 1, 
      "tree_id": 4, 
      "is_public": true, 
      "slug": "conectividad", 
      "maapmodel": []
    }
  }, 
  {
    "pk": 45, 
    "model": "maap.maapcategory", 
    "fields": {
      "rght": 3, 
      "name": "Zonas WiFi", 
      "parent": 44, 
      "level": 1, 
      "show_all": false, 
      "lft": 2, 
      "tree_id": 4, 
      "is_public": true, 
      "slug": "zonas-wifi", 
      "maapmodel": []
    }
  }, 
  {
    "pk": 46, 
    "model": "maap.maapcategory", 
    "fields": {
      "rght": 2, 
      "name": "Referencias Historicas", 
      "parent": null, 
      "level": 0, 
      "show_all": false, 
      "lft": 1, 
      "tree_id": 5, 
      "is_public": true, 
      "slug": "referencias-historicas", 
      "maapmodel": []
    }
  }, 
  {
    "pk": 47, 
    "model": "maap.maapcategory", 
    "fields": {
      "rght": 2, 
      "name": "Espacios Verdes", 
      "parent": null, 
      "level": 0, 
      "show_all": false, 
      "lft": 1, 
      "tree_id": 6, 
      "is_public": true, 
      "slug": "espacios-verdes", 
      "maapmodel": []
    }
  }, 
  {
    "pk": 49, 
    "model": "maap.maapcategory", 
    "fields": {
      "rght": 3, 
      "name": "Cine", 
      "parent": 48, 
      "level": 1, 
      "show_all": false, 
      "lft": 2, 
      "tree_id": 7, 
      "is_public": true, 
      "slug": "cine", 
      "maapmodel": []
    }
  }, 
  {
    "pk": 50, 
    "model": "maap.maapcategory", 
    "fields": {
      "rght": 5, 
      "name": "Teatro", 
      "parent": 48, 
      "level": 1, 
      "show_all": false, 
      "lft": 4, 
      "tree_id": 7, 
      "is_public": true, 
      "slug": "teatro", 
      "maapmodel": []
    }
  }, 
  {
    "pk": 51, 
    "model": "maap.maapcategory", 
    "fields": {
      "rght": 7, 
      "name": "M\u00fasica", 
      "parent": 48, 
      "level": 1, 
      "show_all": false, 
      "lft": 6, 
      "tree_id": 7, 
      "is_public": true, 
      "slug": "musica", 
      "maapmodel": []
    }
  }, 
  {
    "pk": 48, 
    "model": "maap.maapcategory", 
    "fields": {
      "rght": 10, 
      "name": "Espect\u00e1culos", 
      "parent": null, 
      "level": 0, 
      "show_all": false, 
      "lft": 1, 
      "tree_id": 7, 
      "is_public": true, 
      "slug": "espectaculos", 
      "maapmodel": []
    }
  }, 
  {
    "pk": 52, 
    "model": "maap.maapcategory", 
    "fields": {
      "rght": 9, 
      "name": "Centros Culturales", 
      "parent": 48, 
      "level": 1, 
      "show_all": false, 
      "lft": 8, 
      "tree_id": 7, 
      "is_public": true, 
      "slug": "centros-culturales", 
      "maapmodel": []
    }
  }, 
  {
    "pk": 1, 
    "model": "maap.maappoint", 
    "fields": {
      "category": [
        56, 
        59, 
        30, 
        41
      ], 
      "geom": "POINT (-7147664.7321827001869678 -3678866.3975681001320481)", 
      "icon": 121
    }
  }, 
  {
    "pk": 2, 
    "model": "maap.maappoint", 
    "fields": {
      "category": [
        58, 
        59, 
        62
      ], 
      "geom": "POINT (-7147822.3835506998002529 -3678730.2441063001751900)", 
      "icon": 134
    }
  }, 
  {
    "pk": 3, 
    "model": "maap.maappoint", 
    "fields": {
      "category": [
        41, 
        47
      ], 
      "geom": "POINT (-7147244.3285272000357509 -3689271.3880415000021458)", 
      "icon": 121
    }
  }, 
  {
    "pk": 4, 
    "model": "maap.maappoint", 
    "fields": {
      "category": [
        47
      ], 
      "geom": "POINT (-7147626.5136684998869896 -3683653.2664636000990868)", 
      "icon": 121
    }
  }, 
  {
    "pk": 5, 
    "model": "maap.maappoint", 
    "fields": {
      "category": [
        33, 
        35
      ], 
      "geom": "POINT (-7146718.8239578995853662 -3685860.3856549002230167)", 
      "icon": 176
    }
  }, 
  {
    "pk": 6, 
    "model": "maap.maappoint", 
    "fields": {
      "category": [
        33, 
        35
      ], 
      "geom": "POINT (-7142008.3920905003324151 -3686911.3947936999611557)", 
      "icon": 176
    }
  }, 
  {
    "pk": 7, 
    "model": "maap.maappoint", 
    "fields": {
      "category": [
        33, 
        35
      ], 
      "geom": "POINT (-7146503.8448157999664545 -3684565.7334885001182556)", 
      "icon": 176
    }
  }, 
  {
    "pk": 8, 
    "model": "maap.maappoint", 
    "fields": {
      "category": [
        58
      ], 
      "geom": "POINT (-7145658.2601904999464750 -3686170.9110822998918593)", 
      "icon": 154
    }
  }, 
  {
    "pk": 9, 
    "model": "maap.maappoint", 
    "fields": {
      "category": [
        58
      ], 
      "geom": "POINT (-7149303.3509761998429894 -3684943.1413158001378179)", 
      "icon": 154
    }
  }, 
  {
    "pk": 10, 
    "model": "maap.maappoint", 
    "fields": {
      "category": [
        58, 
        57
      ], 
      "geom": "POINT (-7145448.0583627996966243 -3688392.3622163999825716)", 
      "icon": 98
    }
  }, 
  {
    "pk": 11, 
    "model": "maap.maappoint", 
    "fields": {
      "category": [
        58, 
        61, 
        57
      ], 
      "geom": "POINT (-7144822.2301938002929091 -3687393.9035346000455320)", 
      "icon": 154
    }
  }, 
  {
    "pk": 96, 
    "model": "maap.icon", 
    "fields": {
      "image": "icons/pool.png", 
      "name": "pool"
    }
  }, 
  {
    "pk": 97, 
    "model": "maap.icon", 
    "fields": {
      "image": "icons/soccer.png", 
      "name": "soccer"
    }
  }, 
  {
    "pk": 98, 
    "model": "maap.icon", 
    "fields": {
      "image": "icons/pizza.png", 
      "name": "pizza"
    }
  }, 
  {
    "pk": 99, 
    "model": "maap.icon", 
    "fields": {
      "image": "icons/tennis.png", 
      "name": "tennis"
    }
  }, 
  {
    "pk": 100, 
    "model": "maap.icon", 
    "fields": {
      "image": "icons/beautiful.png", 
      "name": "beautiful"
    }
  }, 
  {
    "pk": 101, 
    "model": "maap.icon", 
    "fields": {
      "image": "icons/accident.png", 
      "name": "accident"
    }
  }, 
  {
    "pk": 102, 
    "model": "maap.icon", 
    "fields": {
      "image": "icons/coffee.png", 
      "name": "coffee"
    }
  }, 
  {
    "pk": 103, 
    "model": "maap.icon", 
    "fields": {
      "image": "icons/zoo.png", 
      "name": "zoo"
    }
  }, 
  {
    "pk": 104, 
    "model": "maap.icon", 
    "fields": {
      "image": "icons/camping.png", 
      "name": "camping"
    }
  }, 
  {
    "pk": 105, 
    "model": "maap.icon", 
    "fields": {
      "image": "icons/animals.png", 
      "name": "animals"
    }
  }, 
  {
    "pk": 106, 
    "model": "maap.icon", 
    "fields": {
      "image": "icons/dates.png", 
      "name": "dates"
    }
  }, 
  {
    "pk": 107, 
    "model": "maap.icon", 
    "fields": {
      "image": "icons/factory.png", 
      "name": "factory"
    }
  }, 
  {
    "pk": 108, 
    "model": "maap.icon", 
    "fields": {
      "image": "icons/flowers.png", 
      "name": "flowers"
    }
  }, 
  {
    "pk": 109, 
    "model": "maap.icon", 
    "fields": {
      "image": "icons/church.png", 
      "name": "church"
    }
  }, 
  {
    "pk": 110, 
    "model": "maap.icon", 
    "fields": {
      "image": "icons/apartment.png", 
      "name": "apartment"
    }
  }, 
  {
    "pk": 111, 
    "model": "maap.icon", 
    "fields": {
      "image": "icons/bread.png", 
      "name": "bread"
    }
  }, 
  {
    "pk": 112, 
    "model": "maap.icon", 
    "fields": {
      "image": "icons/skiing.png", 
      "name": "skiing"
    }
  }, 
  {
    "pk": 113, 
    "model": "maap.icon", 
    "fields": {
      "image": "icons/poker.png", 
      "name": "poker"
    }
  }, 
  {
    "pk": 114, 
    "model": "maap.icon", 
    "fields": {
      "image": "icons/music.png", 
      "name": "music"
    }
  }, 
  {
    "pk": 115, 
    "model": "maap.icon", 
    "fields": {
      "image": "icons/monday.png", 
      "name": "monday"
    }
  }, 
  {
    "pk": 116, 
    "model": "maap.icon", 
    "fields": {
      "image": "icons/drugs.png", 
      "name": "drugs"
    }
  }, 
  {
    "pk": 117, 
    "model": "maap.icon", 
    "fields": {
      "image": "icons/club.png", 
      "name": "club"
    }
  }, 
  {
    "pk": 118, 
    "model": "maap.icon", 
    "fields": {
      "image": "icons/library.png", 
      "name": "library"
    }
  }, 
  {
    "pk": 119, 
    "model": "maap.icon", 
    "fields": {
      "image": "icons/bank.png", 
      "name": "bank"
    }
  }, 
  {
    "pk": 120, 
    "model": "maap.icon", 
    "fields": {
      "image": "icons/museum.png", 
      "name": "museum"
    }
  }, 
  {
    "pk": 121, 
    "model": "maap.icon", 
    "fields": {
      "image": "icons/playground.png", 
      "name": "playground"
    }
  }, 
  {
    "pk": 122, 
    "model": "maap.icon", 
    "fields": {
      "image": "icons/parking.png", 
      "name": "parking"
    }
  }, 
  {
    "pk": 123, 
    "model": "maap.icon", 
    "fields": {
      "image": "icons/cloudsun.png", 
      "name": "cloudsun"
    }
  }, 
  {
    "pk": 124, 
    "model": "maap.icon", 
    "fields": {
      "image": "icons/hotel.png", 
      "name": "hotel"
    }
  }, 
  {
    "pk": 125, 
    "model": "maap.icon", 
    "fields": {
      "image": "icons/train.png", 
      "name": "train"
    }
  }, 
  {
    "pk": 126, 
    "model": "maap.icon", 
    "fields": {
      "image": "icons/doctor.png", 
      "name": "doctor"
    }
  }, 
  {
    "pk": 127, 
    "model": "maap.icon", 
    "fields": {
      "image": "icons/firemen.png", 
      "name": "firemen"
    }
  }, 
  {
    "pk": 128, 
    "model": "maap.icon", 
    "fields": {
      "image": "icons/realestate.png", 
      "name": "realestate"
    }
  }, 
  {
    "pk": 129, 
    "model": "maap.icon", 
    "fields": {
      "image": "icons/cycling.png", 
      "name": "cycling"
    }
  }, 
  {
    "pk": 130, 
    "model": "maap.icon", 
    "fields": {
      "image": "icons/administration.png", 
      "name": "administration"
    }
  }, 
  {
    "pk": 131, 
    "model": "maap.icon", 
    "fields": {
      "image": "icons/restaurantchinese.png", 
      "name": "restaurantchinese"
    }
  }, 
  {
    "pk": 132, 
    "model": "maap.icon", 
    "fields": {
      "image": "icons/horseriding.png", 
      "name": "horseriding"
    }
  }, 
  {
    "pk": 133, 
    "model": "maap.icon", 
    "fields": {
      "image": "icons/restaurantjapanese.png", 
      "name": "restaurantjapanese"
    }
  }, 
  {
    "pk": 134, 
    "model": "maap.icon", 
    "fields": {
      "image": "icons/findjob.png", 
      "name": "findjob"
    }
  }, 
  {
    "pk": 135, 
    "model": "maap.icon", 
    "fields": {
      "image": "icons/satursday.png", 
      "name": "satursday"
    }
  }, 
  {
    "pk": 136, 
    "model": "maap.icon", 
    "fields": {
      "image": "icons/military.png", 
      "name": "military"
    }
  }, 
  {
    "pk": 137, 
    "model": "maap.icon", 
    "fields": {
      "image": "icons/hospital.png", 
      "name": "hospital"
    }
  }, 
  {
    "pk": 138, 
    "model": "maap.icon", 
    "fields": {
      "image": "icons/university.png", 
      "name": "university"
    }
  }, 
  {
    "pk": 139, 
    "model": "maap.icon", 
    "fields": {
      "image": "icons/videogames.png", 
      "name": "videogames"
    }
  }, 
  {
    "pk": 140, 
    "model": "maap.icon", 
    "fields": {
      "image": "icons/golf.png", 
      "name": "golf"
    }
  }, 
  {
    "pk": 141, 
    "model": "maap.icon", 
    "fields": {
      "image": "icons/bar.png", 
      "name": "bar"
    }
  }, 
  {
    "pk": 142, 
    "model": "maap.icon", 
    "fields": {
      "image": "icons/park.png", 
      "name": "park"
    }
  }, 
  {
    "pk": 143, 
    "model": "maap.icon", 
    "fields": {
      "image": "icons/port.png", 
      "name": "port"
    }
  }, 
  {
    "pk": 144, 
    "model": "maap.icon", 
    "fields": {
      "image": "icons/school.png", 
      "name": "school"
    }
  }, 
  {
    "pk": 145, 
    "model": "maap.icon", 
    "fields": {
      "image": "icons/taxi.png", 
      "name": "taxi"
    }
  }, 
  {
    "pk": 146, 
    "model": "maap.icon", 
    "fields": {
      "image": "icons/cinema.png", 
      "name": "cinema"
    }
  }, 
  {
    "pk": 147, 
    "model": "maap.icon", 
    "fields": {
      "image": "icons/supermarket.png", 
      "name": "supermarket"
    }
  }, 
  {
    "pk": 148, 
    "model": "maap.icon", 
    "fields": {
      "image": "icons/info.png", 
      "name": "info"
    }
  }, 
  {
    "pk": 149, 
    "model": "maap.icon", 
    "fields": {
      "image": "icons/toys.png", 
      "name": "toys"
    }
  }, 
  {
    "pk": 150, 
    "model": "maap.icon", 
    "fields": {
      "image": "icons/schrink.png", 
      "name": "schrink"
    }
  }, 
  {
    "pk": 151, 
    "model": "maap.icon", 
    "fields": {
      "image": "icons/highway.png", 
      "name": "highway"
    }
  }, 
  {
    "pk": 152, 
    "model": "maap.icon", 
    "fields": {
      "image": "icons/girlfriend.png", 
      "name": "girlfriend"
    }
  }, 
  {
    "pk": 153, 
    "model": "maap.icon", 
    "fields": {
      "image": "icons/theater.png", 
      "name": "theater"
    }
  }, 
  {
    "pk": 154, 
    "model": "maap.icon", 
    "fields": {
      "image": "icons/fastfood.png", 
      "name": "fastfood"
    }
  }, 
  {
    "pk": 155, 
    "model": "maap.icon", 
    "fields": {
      "image": "icons/airport.png", 
      "name": "airport"
    }
  }, 
  {
    "pk": 156, 
    "model": "maap.icon", 
    "fields": {
      "image": "icons/car.png", 
      "name": "car"
    }
  }, 
  {
    "pk": 157, 
    "model": "maap.icon", 
    "fields": {
      "image": "icons/bowling.png", 
      "name": "bowling"
    }
  }, 
  {
    "pk": 158, 
    "model": "maap.icon", 
    "fields": {
      "image": "icons/sunday.png", 
      "name": "sunday"
    }
  }, 
  {
    "pk": 159, 
    "model": "maap.icon", 
    "fields": {
      "image": "icons/company.png", 
      "name": "company"
    }
  }, 
  {
    "pk": 160, 
    "model": "maap.icon", 
    "fields": {
      "image": "icons/stoplight.png", 
      "name": "stoplight"
    }
  }, 
  {
    "pk": 161, 
    "model": "maap.icon", 
    "fields": {
      "image": "icons/thunder.png", 
      "name": "thunder"
    }
  }, 
  {
    "pk": 162, 
    "model": "maap.icon", 
    "fields": {
      "image": "icons/restaurant.png", 
      "name": "restaurant"
    }
  }, 
  {
    "pk": 163, 
    "model": "maap.icon", 
    "fields": {
      "image": "icons/toilets.png", 
      "name": "toilets"
    }
  }, 
  {
    "pk": 164, 
    "model": "maap.icon", 
    "fields": {
      "image": "icons/carrepair.png", 
      "name": "carrepair"
    }
  }, 
  {
    "pk": 165, 
    "model": "maap.icon", 
    "fields": {
      "image": "icons/tuesday.png", 
      "name": "tuesday"
    }
  }, 
  {
    "pk": 166, 
    "model": "maap.icon", 
    "fields": {
      "image": "icons/disability.png", 
      "name": "disability"
    }
  }, 
  {
    "pk": 167, 
    "model": "maap.icon", 
    "fields": {
      "image": "icons/fishing.png", 
      "name": "fishing"
    }
  }, 
  {
    "pk": 168, 
    "model": "maap.icon", 
    "fields": {
      "image": "icons/sun.png", 
      "name": "sun"
    }
  }, 
  {
    "pk": 169, 
    "model": "maap.icon", 
    "fields": {
      "image": "icons/thursday.png", 
      "name": "thursday"
    }
  }, 
  {
    "pk": 170, 
    "model": "maap.icon", 
    "fields": {
      "image": "icons/recycle.png", 
      "name": "recycle"
    }
  }, 
  {
    "pk": 171, 
    "model": "maap.icon", 
    "fields": {
      "image": "icons/beach.png", 
      "name": "beach"
    }
  }, 
  {
    "pk": 172, 
    "model": "maap.icon", 
    "fields": {
      "image": "icons/hiking.png", 
      "name": "hiking"
    }
  }, 
  {
    "pk": 173, 
    "model": "maap.icon", 
    "fields": {
      "image": "icons/casino.png", 
      "name": "casino"
    }
  }, 
  {
    "pk": 174, 
    "model": "maap.icon", 
    "fields": {
      "image": "icons/farm.png", 
      "name": "farm"
    }
  }, 
  {
    "pk": 175, 
    "model": "maap.icon", 
    "fields": {
      "image": "icons/rain.png", 
      "name": "rain"
    }
  }, 
  {
    "pk": 176, 
    "model": "maap.icon", 
    "fields": {
      "image": "icons/police.png", 
      "name": "police"
    }
  }, 
  {
    "pk": 177, 
    "model": "maap.icon", 
    "fields": {
      "image": "icons/computer.png", 
      "name": "computer"
    }
  }, 
  {
    "pk": 178, 
    "model": "maap.icon", 
    "fields": {
      "image": "icons/friends.png", 
      "name": "friends"
    }
  }, 
  {
    "pk": 179, 
    "model": "maap.icon", 
    "fields": {
      "image": "icons/wednesday.png", 
      "name": "wednesday"
    }
  }, 
  {
    "pk": 180, 
    "model": "maap.icon", 
    "fields": {
      "image": "icons/bus.png", 
      "name": "bus"
    }
  }, 
  {
    "pk": 181, 
    "model": "maap.icon", 
    "fields": {
      "image": "icons/friday.png", 
      "name": "friday"
    }
  }, 
  {
    "pk": 182, 
    "model": "maap.icon", 
    "fields": {
      "image": "icons/gazstation.png", 
      "name": "gazstation"
    }
  }, 
  {
    "pk": 183, 
    "model": "maap.icon", 
    "fields": {
      "image": "icons/clothes.png", 
      "name": "clothes"
    }
  }, 
  {
    "pk": 184, 
    "model": "maap.icon", 
    "fields": {
      "image": "icons/justice.png", 
      "name": "justice"
    }
  }, 
  {
    "pk": 185, 
    "model": "maap.icon", 
    "fields": {
      "image": "icons/home.png", 
      "name": "home"
    }
  }, 
  {
    "pk": 186, 
    "model": "maap.icon", 
    "fields": {
      "image": "icons/postal.png", 
      "name": "postal"
    }
  }, 
  {
    "pk": 187, 
    "model": "maap.icon", 
    "fields": {
      "image": "icons/clouds.png", 
      "name": "clouds"
    }
  }, 
  {
    "pk": 188, 
    "model": "maap.icon", 
    "fields": {
      "image": "icons/shoes.png", 
      "name": "shoes"
    }
  }, 
  {
    "pk": 189, 
    "model": "maap.icon", 
    "fields": {
      "image": "icons/wifi.png", 
      "name": "wifi"
    }
  }, 
  {
    "pk": 190, 
    "model": "maap.icon", 
    "fields": {
      "image": "icons/truck.png", 
      "name": "truck"
    }
  }
]
