[{"pk": 1, "model": "maap.maapmodel", "fields": {"banner_slots": "", "category": [56, 59, 30, 41], "description": "Lorem ipsum dolor sit amet, consectetur adipiscing elit. Fusce et mi nisl. Pellentesque in mauris arcu, eget laoreet risus. Proin tellus metus, commodo vel tincidunt in, ullamcorper sit amet odio. Ut volutpat adipiscing lobortis. Nullam congue, ipsum vel molestie pharetra, odio eros eleifend turpis, a iaculis quam elit eget orci. Praesent id adipiscing tortor. Sed at nulla eu diam tristique lacinia. In vulputate ullamcorper quam, pharetra aliquet metus faucibus eu. In interdum pretium elit, ac fermentum quam sodales non. Nulla malesuada rutrum auctor. Etiam eu lorem libero, quis hendrerit risus. Nam tortor purus, elementum sed sollicitudin id, posuere at libero. Cras urna turpis, viverra eu luctus sed, pellentesque nec lectus. Sed placerat massa vel mauris auctor egestas. Proin facilisis justo in nisl sollicitudin quis adipiscing quam volutpat. Integer eget lectus mauris, in blandit est. Proin tincidunt sem vel eros elementum fringilla. Praesent sit amet eros sit amet eros aliquam bibendum vel ut eros. Fusce ullamcorper, erat et tempus feugiat, felis urna iaculis ante, fermentum ornare augue diam nec turpis. ", "created": "2010-03-25 18:51:47", "changed": "2010-03-25 18:52:53", "editor": 1, "default_layers": "", "metadata": null, "creator": 1, "slug": "plaza-del-barco", "tags": "", "name": "Plaza del Barco"}}, {"pk": 2, "model": "maap.maapmodel", "fields": {"banner_slots": "", "category": [58, 59, 62], "description": "Lorem ipsum dolor sit amet, consectetur adipiscing elit. Fusce et mi nisl. Pellentesque in mauris arcu, eget laoreet risus. Proin tellus metus, commodo vel tincidunt in, ullamcorper sit amet odio. Ut volutpat adipiscing lobortis. Nullam congue, ipsum vel molestie pharetra, odio eros eleifend turpis, a iaculis quam elit eget orci. Praesent id adipiscing tortor. Sed at nulla eu diam tristique lacinia. In vulputate ullamcorper quam, pharetra aliquet metus faucibus eu. In interdum pretium elit, ac fermentum quam sodales non. Nulla malesuada rutrum auctor. Etiam eu lorem libero, quis hendrerit risus. Nam tortor purus, elementum sed sollicitudin id, posuere at libero. Cras urna turpis, viverra eu luctus sed, pellentesque nec lectus. Sed placerat massa vel mauris auctor egestas. Proin facilisis justo in nisl sollicitudin quis adipiscing quam volutpat. Integer eget lectus mauris, in blandit est. Proin tincidunt sem vel eros elementum fringilla. Praesent sit amet eros sit amet eros aliquam bibendum vel ut eros. Fusce ullamcorper, erat et tempus feugiat, felis urna iaculis ante, fermentum ornare augue diam nec turpis. ", "created": "2010-03-25 18:55:54", "changed": "2010-03-25 18:55:54", "editor": 1, "default_layers": "", "metadata": null, "creator": 1, "slug": "restoran-america", "tags": "", "name": "Restoran America"}}, {"pk": 3, "model": "maap.maapmodel", "fields": {"banner_slots": "", "category": [41, 47], "description": "Lorem ipsum dolor sit amet, consectetur adipiscing elit. Quisque porta libero id felis eleifend hendrerit sollicitudin nunc eleifend. Vestibulum ante ipsum primis in faucibus orci luctus et ultrices posuere cubilia Curae; Proin id tempor ipsum. Pellentesque posuere diam sit amet odio pretium et sollicitudin lectus ultricies. Nullam eu purus vel leo tristique iaculis vel a dolor. Praesent faucibus condimentum diam vel venenatis. Etiam augue nibh, accumsan at faucibus non, rutrum vel metus. Nunc vehicula auctor viverra. Sed in hendrerit urna. Integer vitae eros eros, quis rutrum sem. Vestibulum ante ipsum primis in faucibus orci luctus et ultrices posuere cubilia Curae; Duis ut justo ac arcu viverra tincidunt. ", "created": "2010-03-26 17:49:56", "changed": "2010-03-26 17:49:56", "editor": 1, "default_layers": "", "metadata": null, "creator": 1, "slug": "plaza-de-las-amercas", "tags": "", "name": "Plaza de las Am\u00e9rcas"}}, {"pk": 4, "model": "maap.maapmodel", "fields": {"banner_slots": "", "category": [47], "description": "", "created": "2010-03-26 17:50:37", "changed": "2010-03-26 17:50:37", "editor": 1, "default_layers": "", "metadata": null, "creator": 1, "slug": "plaza-rivadavia", "tags": "", "name": "Plaza rivadavia"}}, {"pk": 5, "model": "maap.maapmodel", "fields": {"banner_slots": "", "category": [33, 35], "description": "", "created": "2010-03-26 17:51:28", "changed": "2010-03-26 17:51:28", "editor": 1, "default_layers": "", "metadata": null, "creator": 1, "slug": "central-de-policia", "tags": "", "name": "Central de Polic\u00eda"}}, {"pk": 6, "model": "maap.maapmodel", "fields": {"banner_slots": "", "category": [33, 35], "description": "Lorem ipsum dolor sit amet, consectetur adipiscing elit. Quisque porta libero id felis eleifend hendrerit sollicitudin nunc eleifend. Vestibulum ante ipsum primis in faucibus orci luctus et ultrices posuere cubilia Curae; Proin id tempor ipsum. Pellentesque posuere diam sit amet odio pretium et sollicitudin lectus ultricies. Nullam eu purus vel leo tristique iaculis vel a dolor. Praesent faucibus condimentum diam vel venenatis. Etiam augue nibh, accumsan at faucibus non, rutrum vel metus. Nunc vehicula auctor viverra. Sed in hendrerit urna. Integer vitae eros eros, quis rutrum sem. Vestibulum ante ipsum primis in faucibus orci luctus et ultrices posuere cubilia Curae; Duis ut justo ac arcu viverra tincidunt. ", "created": "2010-03-26 17:52:36", "changed": "2010-03-26 17:52:36", "editor": 1, "default_layers": "", "metadata": null, "creator": 1, "slug": "comisaria-n5", "tags": "", "name": "Comisar\u00eda N\u00b05"}}, {"pk": 7, "model": "maap.maapmodel", "fields": {"banner_slots": "", "category": [33, 35], "description": "", "created": "2010-03-26 17:54:24", "changed": "2010-03-26 17:54:37", "editor": 1, "default_layers": "", "metadata": null, "creator": 1, "slug": "comisaria-n9", "tags": "", "name": "Comisar\u00eda N\u00b09"}}, {"pk": 8, "model": "maap.maapmodel", "fields": {"banner_slots": "", "category": [58], "description": "Lorem ipsum dolor sit amet, consectetur adipiscing elit. Quisque porta libero id felis eleifend hendrerit sollicitudin nunc eleifend. Vestibulum ante ipsum primis in faucibus orci luctus et ultrices posuere cubilia Curae; Proin id tempor ipsum. Pellentesque posuere diam sit amet odio pretium et sollicitudin lectus ultricies. Nullam eu purus vel leo tristique iaculis vel a dolor. Praesent faucibus condimentum diam vel venenatis. Etiam augue nibh, accumsan at faucibus non, rutrum vel metus. Nunc vehicula auctor viverra. Sed in hendrerit urna. Integer vitae eros eros, quis rutrum sem. Vestibulum ante ipsum primis in faucibus orci luctus et ultrices posuere cubilia Curae; Duis ut justo ac arcu viverra tincidunt. ", "created": "2010-03-26 17:56:34", "changed": "2010-03-26 17:56:34", "editor": 1, "default_layers": "", "metadata": null, "creator": 1, "slug": "alcorta-restoran", "tags": "", "name": "Alcorta Restor\u00e1n"}}, {"pk": 9, "model": "maap.maapmodel", "fields": {"banner_slots": "", "category": [58], "description": "", "created": "2010-03-26 17:59:06", "changed": "2010-03-26 17:59:06", "editor": 1, "default_layers": "", "metadata": null, "creator": 1, "slug": "lomitos-348", "tags": "", "name": "Lomitos 348"}}, {"pk": 10, "model": "maap.maapmodel", "fields": {"banner_slots": "", "category": [58, 57], "description": "Lorem ipsum dolor sit amet, consectetur adipiscing elit. Quisque porta libero id felis eleifend hendrerit sollicitudin nunc eleifend. Vestibulum ante ipsum primis in faucibus orci luctus et ultrices posuere cubilia Curae; Proin id tempor ipsum. Pellentesque posuere diam sit amet odio pretium et sollicitudin lectus ultricies. Nullam eu purus vel leo tristique iaculis vel a dolor. Praesent faucibus condimentum diam vel venenatis. Etiam augue nibh, accumsan at faucibus non, rutrum vel metus. Nunc vehicula auctor viverra. Sed in hendrerit urna. Integer vitae eros eros, quis rutrum sem. Vestibulum ante ipsum primis in faucibus orci luctus et ultrices posuere cubilia Curae; Duis ut justo ac arcu viverra tincidunt. ", "created": "2010-03-26 18:00:44", "changed": "2010-03-26 18:00:44", "editor": 1, "default_layers": "", "metadata": null, "creator": 1, "slug": "strega-pizzas", "tags": "", "name": "Strega pizzas"}}, {"pk": 11, "model": "maap.maapmodel", "fields": {"banner_slots": "", "category": [58, 61, 57], "description": "Lorem ipsum dolor sit amet, consectetur adipiscing elit. Quisque porta libero id felis eleifend hendrerit sollicitudin nunc eleifend. Vestibulum ante ipsum primis in faucibus orci luctus et ultrices posuere cubilia Curae; Proin id tempor ipsum. Pellentesque posuere diam sit amet odio pretium et sollicitudin lectus ultricies. Nullam eu purus vel leo tristique iaculis vel a dolor. Praesent faucibus condimentum diam vel venenatis. Etiam augue nibh, accumsan at faucibus non, rutrum vel metus. Nunc vehicula auctor viverra. Sed in hendrerit urna. Integer vitae eros eros, quis rutrum sem. Vestibulum ante ipsum primis in faucibus orci luctus et ultrices posuere cubilia Curae; Duis ut justo ac arcu viverra tincidunt. ", "created": "2010-03-26 18:01:50", "changed": "2010-03-26 18:01:50", "editor": 1, "default_layers": "", "metadata": null, "creator": 1, "slug": "roticeria-moncholo", "tags": "", "name": "Roticer\u00eda Moncholo"}}, {"pk": 12, "model": "maap.maapmodel", "fields": {"banner_slots": "", "category": [66], "description": "De Monterroso y Minuzzi por \u00e9sta - Belardinelli - Uladislao Fr\u00edas - Maestro Lopez - Medina Allende - Haya de La Torre - Enrique Barros - Los Nogales - Concepcion Arenal - Hip\u00f3lito Irigoyen - Chacabuco - San Jer\u00f3nimo - 27 de Abril - Paso de Los Andes - Duarte Quir\u00f3s - Av. Col\u00f3n - Ramon J. C\u00e1rcano - Pappin - Boyle - Gauss - Martinoli - hasta Buitrago.", "created": "2010-04-19 15:20:50", "changed": "2010-04-19 15:23:03", "editor": 1, "default_layers": "", "metadata": null, "creator": 1, "slug": "e1-ida", "tags": "", "name": "E1 Ida"}}, {"pk": 13, "model": "maap.maapmodel", "fields": {"banner_slots": null, "category": [67], "description": "", "created": "2010-04-19 15:38:44", "changed": "2010-04-19 15:38:45", "editor": 1, "default_layers": null, "metadata": null, "creator": 1, "slug": "ampliacion-residencial-america", "tags": "", "name": "Ampliacion Residencial Am\u00e9rica"}}, {"pk": 14, "model": "maap.maapmodel", "fields": {"banner_slots": null, "category": [67], "description": "", "created": "2010-04-19 15:38:45", "changed": "2010-04-19 15:38:45", "editor": 1, "default_layers": null, "metadata": null, "creator": 1, "slug": "gral-savino", "tags": "", "name": "Gral Savino"}}, {"pk": 15, "model": "maap.maapmodel", "fields": {"banner_slots": null, "category": [67], "description": "", "created": "2010-04-19 15:38:45", "changed": "2010-04-19 15:38:46", "editor": 1, "default_layers": null, "metadata": null, "creator": 1, "slug": "residencial-america", "tags": "", "name": "Residencial Am\u00e9rica"}}, {"pk": 16, "model": "maap.maapmodel", "fields": {"banner_slots": null, "category": [67], "description": "", "created": "2010-04-19 15:38:47", "changed": "2010-04-19 15:38:47", "editor": 1, "default_layers": null, "metadata": null, "creator": 1, "slug": "centro-america", "tags": "", "name": "Centro Am\u00e9rica"}}, {"pk": 17, "model": "maap.maapmodel", "fields": {"banner_slots": null, "category": [67], "description": "", "created": "2010-04-19 15:38:47", "changed": "2010-04-19 15:38:47", "editor": 1, "default_layers": null, "metadata": null, "creator": 1, "slug": "arturo-capdevila", "tags": "", "name": "Arturo Capdevila"}}, {"pk": 18, "model": "maap.maapmodel", "fields": {"banner_slots": null, "category": [67], "description": "", "created": "2010-04-19 15:38:48", "changed": "2010-04-19 15:38:48", "editor": 1, "default_layers": null, "metadata": null, "creator": 1, "slug": "villa-azalais", "tags": "", "name": "Villa Azalais"}}, {"pk": 19, "model": "maap.maapmodel", "fields": {"banner_slots": null, "category": [67], "description": "", "created": "2010-04-19 15:38:48", "changed": "2010-04-19 15:38:49", "editor": 1, "default_layers": null, "metadata": null, "creator": 1, "slug": "villa-corina", "tags": "", "name": "Villa Corina"}}, {"pk": 20, "model": "maap.maapmodel", "fields": {"banner_slots": null, "category": [67], "description": "", "created": "2010-04-19 15:38:49", "changed": "2010-04-19 15:38:49", "editor": 1, "default_layers": null, "metadata": null, "creator": 1, "slug": "los-patricios", "tags": "", "name": "Los Patricios"}}, {"pk": 21, "model": "maap.maapmodel", "fields": {"banner_slots": null, "category": [67], "description": "", "created": "2010-04-19 15:38:49", "changed": "2010-04-19 15:38:51", "editor": 1, "default_layers": null, "metadata": null, "creator": 1, "slug": "alta-cordoba", "tags": "", "name": "Alta C\u00f3rdoba"}}, {"pk": 22, "model": "maap.maapmodel", "fields": {"banner_slots": null, "category": [67], "description": "", "created": "2010-04-19 15:38:53", "changed": "2010-04-19 15:38:53", "editor": 1, "default_layers": null, "metadata": null, "creator": 1, "slug": "la-fraternidad", "tags": "", "name": "La Fraternidad"}}, {"pk": 23, "model": "maap.maapmodel", "fields": {"banner_slots": null, "category": [67], "description": "", "created": "2010-04-19 15:38:53", "changed": "2010-04-19 15:38:53", "editor": 1, "default_layers": null, "metadata": null, "creator": 1, "slug": "general-bustos", "tags": "", "name": "General Bustos"}}, {"pk": 24, "model": "maap.maapmodel", "fields": {"banner_slots": null, "category": [67], "description": "", "created": "2010-04-19 15:38:54", "changed": "2010-04-19 15:38:54", "editor": 1, "default_layers": null, "metadata": null, "creator": 1, "slug": "ayacucho", "tags": "", "name": "Ayacucho"}}, {"pk": 25, "model": "maap.maapmodel", "fields": {"banner_slots": null, "category": [67], "description": "", "created": "2010-04-19 15:38:55", "changed": "2010-04-19 15:38:55", "editor": 1, "default_layers": null, "metadata": null, "creator": 1, "slug": "panamericano", "tags": "", "name": "Panamericano"}}, {"pk": 26, "model": "maap.maapmodel", "fields": {"banner_slots": null, "category": [67], "description": "", "created": "2010-04-19 15:38:55", "changed": "2010-04-19 15:38:55", "editor": 1, "default_layers": null, "metadata": null, "creator": 1, "slug": "hipolito-yrigoyen", "tags": "", "name": "Hipolito Yrigoyen"}}, {"pk": 27, "model": "maap.maapmodel", "fields": {"banner_slots": null, "category": [67], "description": "", "created": "2010-04-19 15:38:56", "changed": "2010-04-19 15:38:56", "editor": 1, "default_layers": null, "metadata": null, "creator": 1, "slug": "independencia", "tags": "", "name": "Independencia"}}, {"pk": 28, "model": "maap.maapmodel", "fields": {"banner_slots": null, "category": [67], "description": "", "created": "2010-04-19 15:38:56", "changed": "2010-04-19 15:38:56", "editor": 1, "default_layers": null, "metadata": null, "creator": 1, "slug": "cofico", "tags": "", "name": "Cofico"}}, {"pk": 29, "model": "maap.maapmodel", "fields": {"banner_slots": null, "category": [67], "description": "", "created": "2010-04-19 15:38:56", "changed": "2010-04-19 15:38:56", "editor": 1, "default_layers": null, "metadata": null, "creator": 1, "slug": "ducasse", "tags": "", "name": "Ducasse"}}, {"pk": 30, "model": "maap.maapmodel", "fields": {"banner_slots": null, "category": [67], "description": "", "created": "2010-04-19 15:38:56", "changed": "2010-04-19 15:38:56", "editor": 1, "default_layers": null, "metadata": null, "creator": 1, "slug": "20-de-junio", "tags": "", "name": "20 de Junio"}}, {"pk": 31, "model": "maap.maapmodel", "fields": {"banner_slots": null, "category": [67], "description": "", "created": "2010-04-19 15:38:57", "changed": "2010-04-19 15:38:57", "editor": 1, "default_layers": null, "metadata": null, "creator": 1, "slug": "villa-azalais-oeste", "tags": "", "name": "Villa Azalais Oeste"}}, {"pk": 32, "model": "maap.maapmodel", "fields": {"banner_slots": null, "category": [67], "description": "", "created": "2010-04-19 15:38:57", "changed": "2010-04-19 15:38:57", "editor": 1, "default_layers": null, "metadata": null, "creator": 1, "slug": "los-gigantes", "tags": "", "name": "Los Gigantes"}}, {"pk": 33, "model": "maap.maapmodel", "fields": {"banner_slots": null, "category": [67], "description": "", "created": "2010-04-19 15:38:57", "changed": "2010-04-19 15:38:58", "editor": 1, "default_layers": null, "metadata": null, "creator": 1, "slug": "marcelo-t-de-alvear", "tags": "", "name": "Marcelo T. De Alvear"}}, {"pk": 34, "model": "maap.maapmodel", "fields": {"banner_slots": null, "category": [67], "description": "", "created": "2010-04-19 15:38:58", "changed": "2010-04-19 15:38:58", "editor": 1, "default_layers": null, "metadata": null, "creator": 1, "slug": "mariano-fragueiro", "tags": "", "name": "Mariano Fragueiro"}}, {"pk": 35, "model": "maap.maapmodel", "fields": {"banner_slots": null, "category": [67], "description": "", "created": "2010-04-19 15:38:58", "changed": "2010-04-19 15:38:59", "editor": 1, "default_layers": null, "metadata": null, "creator": 1, "slug": "juan-b-justo", "tags": "", "name": "Juan B. Justo"}}, {"pk": 36, "model": "maap.maapmodel", "fields": {"banner_slots": null, "category": [67], "description": "", "created": "2010-04-19 15:38:59", "changed": "2010-04-19 15:38:59", "editor": 1, "default_layers": null, "metadata": null, "creator": 1, "slug": "ampliacion-panamericano", "tags": "", "name": "Ampliacion Panamericano"}}, {"pk": 37, "model": "maap.maapmodel", "fields": {"banner_slots": null, "category": [67], "description": "", "created": "2010-04-19 15:38:59", "changed": "2010-04-19 15:38:59", "editor": 1, "default_layers": null, "metadata": null, "creator": 1, "slug": "guayaquil", "tags": "", "name": "Guayaquil"}}, {"pk": 38, "model": "maap.maapmodel", "fields": {"banner_slots": null, "category": [67], "description": "", "created": "2010-04-19 15:38:59", "changed": "2010-04-19 15:39:00", "editor": 1, "default_layers": null, "metadata": null, "creator": 1, "slug": "canavosio", "tags": "", "name": "Canavosio"}}, {"pk": 39, "model": "maap.maapmodel", "fields": {"banner_slots": null, "category": [67], "description": "", "created": "2010-04-19 15:39:00", "changed": "2010-04-19 15:39:00", "editor": 1, "default_layers": null, "metadata": null, "creator": 1, "slug": "patricios-oeste", "tags": "", "name": "Patricios Oeste"}}, {"pk": 40, "model": "maap.maapmodel", "fields": {"banner_slots": null, "category": [67], "description": "", "created": "2010-04-19 15:39:00", "changed": "2010-04-19 15:39:00", "editor": 1, "default_layers": null, "metadata": null, "creator": 1, "slug": "patricios-norte", "tags": "", "name": "Patricios Norte"}}, {"pk": 41, "model": "maap.maapmodel", "fields": {"banner_slots": null, "category": [67], "description": "", "created": "2010-04-19 15:39:01", "changed": "2010-04-19 15:39:01", "editor": 1, "default_layers": null, "metadata": null, "creator": 1, "slug": "san-jorje", "tags": "", "name": "San Jorje"}}, {"pk": 42, "model": "maap.maapmodel", "fields": {"banner_slots": null, "category": [67], "description": "", "created": "2010-04-19 15:39:01", "changed": "2010-04-19 15:39:01", "editor": 1, "default_layers": null, "metadata": null, "creator": 1, "slug": "gral-belgrano", "tags": "", "name": "Gral Belgrano"}}, {"pk": 43, "model": "maap.maapmodel", "fields": {"banner_slots": null, "category": [67], "description": "", "created": "2010-04-19 15:39:01", "changed": "2010-04-19 15:39:01", "editor": 1, "default_layers": null, "metadata": null, "creator": 1, "slug": "quintas-san-jorje", "tags": "", "name": "Quintas San Jorje"}}, {"pk": 44, "model": "maap.maapmodel", "fields": {"banner_slots": null, "category": [67], "description": "", "created": "2010-04-19 15:39:01", "changed": "2010-04-19 15:39:01", "editor": 1, "default_layers": null, "metadata": null, "creator": 1, "slug": "residencial-aragon", "tags": "", "name": "Residencial Aragon"}}, {"pk": 45, "model": "maap.maapmodel", "fields": {"banner_slots": null, "category": [67], "description": "", "created": "2010-04-19 15:39:01", "changed": "2010-04-19 15:39:02", "editor": 1, "default_layers": null, "metadata": null, "creator": 1, "slug": "san-jorje", "tags": "", "name": "San Jorje"}}, {"pk": 46, "model": "maap.maapmodel", "fields": {"banner_slots": null, "category": [67], "description": "", "created": "2010-04-19 15:39:02", "changed": "2010-04-19 15:39:02", "editor": 1, "default_layers": null, "metadata": null, "creator": 1, "slug": "gral-mosconi", "tags": "", "name": "Gral Mosconi"}}, {"pk": 53, "model": "maap.maapcategory", "fields": {"rght": 8, "name": "Espacios Deportivos", "parent": null, "level": 0, "show_all": false, "lft": 1, "tree_id": 8, "is_public": true, "slug": "espacios-deportivos"}}, {"pk": 55, "model": "maap.maapcategory", "fields": {"rght": 5, "name": "Canchas de Futbol", "parent": 53, "level": 1, "show_all": false, "lft": 4, "tree_id": 8, "is_public": true, "slug": "canchas-de-futbol"}}, {"pk": 54, "model": "maap.maapcategory", "fields": {"rght": 3, "name": "Clubes", "parent": 53, "level": 1, "show_all": false, "lft": 2, "tree_id": 8, "is_public": true, "slug": "clubes"}}, {"pk": 56, "model": "maap.maapcategory", "fields": {"rght": 7, "name": "Canchas de Basquet", "parent": 53, "level": 1, "show_all": false, "lft": 6, "tree_id": 8, "is_public": true, "slug": "canchas-de-basquet"}}, {"pk": 58, "model": "maap.maapcategory", "fields": {"rght": 3, "name": "Restaurantes", "parent": 57, "level": 1, "show_all": false, "lft": 2, "tree_id": 9, "is_public": true, "slug": "restaurantes"}}, {"pk": 59, "model": "maap.maapcategory", "fields": {"rght": 5, "name": "Resto-Bares", "parent": 57, "level": 1, "show_all": false, "lft": 4, "tree_id": 9, "is_public": true, "slug": "resto-bares"}}, {"pk": 60, "model": "maap.maapcategory", "fields": {"rght": 7, "name": "Bares", "parent": 57, "level": 1, "show_all": false, "lft": 6, "tree_id": 9, "is_public": true, "slug": "bares"}}, {"pk": 61, "model": "maap.maapcategory", "fields": {"rght": 9, "name": "Delivery", "parent": 57, "level": 1, "show_all": false, "lft": 8, "tree_id": 9, "is_public": true, "slug": "delivery"}}, {"pk": 57, "model": "maap.maapcategory", "fields": {"rght": 12, "name": "Gastronom\u00eda", "parent": null, "level": 0, "show_all": false, "lft": 1, "tree_id": 9, "is_public": true, "slug": "gastronomia"}}, {"pk": 62, "model": "maap.maapcategory", "fields": {"rght": 11, "name": "Helader\u00edas", "parent": 57, "level": 1, "show_all": false, "lft": 10, "tree_id": 9, "is_public": true, "slug": "heladerias"}}, {"pk": 63, "model": "maap.maapcategory", "fields": {"rght": 4, "name": "Farmacias", "parent": null, "level": 0, "show_all": false, "lft": 1, "tree_id": 10, "is_public": true, "slug": "farmacias"}}, {"pk": 64, "model": "maap.maapcategory", "fields": {"rght": 3, "name": "Farmacity", "parent": 63, "level": 1, "show_all": false, "lft": 2, "tree_id": 10, "is_public": true, "slug": "farmacity"}}, {"pk": 32, "model": "maap.maapcategory", "fields": {"rght": 5, "name": "Centros de Salud", "parent": 30, "level": 1, "show_all": false, "lft": 4, "tree_id": 1, "is_public": true, "slug": "centros-de-salud"}}, {"pk": 34, "model": "maap.maapcategory", "fields": {"rght": 8, "name": "Comando Radioel\u00e9ctrico", "parent": 33, "level": 2, "show_all": false, "lft": 7, "tree_id": 1, "is_public": true, "slug": "comando-radioelectrico"}}, {"pk": 30, "model": "maap.maapcategory", "fields": {"rght": 12, "name": "Instituciones P\u00fablicas", "parent": null, "level": 0, "show_all": false, "lft": 1, "tree_id": 1, "is_public": true, "slug": "instituciones-publicas"}}, {"pk": 33, "model": "maap.maapcategory", "fields": {"rght": 11, "name": "Polic\u00eda", "parent": 30, "level": 1, "show_all": false, "lft": 6, "tree_id": 1, "is_public": true, "slug": "policia"}}, {"pk": 35, "model": "maap.maapcategory", "fields": {"rght": 10, "name": "Comisar\u00edas", "parent": 33, "level": 2, "show_all": false, "lft": 9, "tree_id": 1, "is_public": true, "slug": "comisarias"}}, {"pk": 31, "model": "maap.maapcategory", "fields": {"rght": 3, "name": "Hospitales", "parent": 30, "level": 1, "show_all": false, "lft": 2, "tree_id": 1, "is_public": true, "slug": "hospitales"}}, {"pk": 36, "model": "maap.maapcategory", "fields": {"rght": 4, "name": "Instituciones de Gobierno", "parent": null, "level": 0, "show_all": false, "lft": 1, "tree_id": 2, "is_public": true, "slug": "instituciones-de-gobierno"}}, {"pk": 37, "model": "maap.maapcategory", "fields": {"rght": 3, "name": "CPC", "parent": 36, "level": 1, "show_all": false, "lft": 2, "tree_id": 2, "is_public": true, "slug": "cpc"}}, {"pk": 39, "model": "maap.maapcategory", "fields": {"rght": 3, "name": "Universidades", "parent": 38, "level": 1, "show_all": false, "lft": 2, "tree_id": 3, "is_public": true, "slug": "universidades"}}, {"pk": 41, "model": "maap.maapcategory", "fields": {"rght": 6, "name": "P\u00fablicos", "parent": 40, "level": 2, "show_all": false, "lft": 5, "tree_id": 3, "is_public": true, "slug": "publicos"}}, {"pk": 38, "model": "maap.maapcategory", "fields": {"rght": 10, "name": "Instituciones Educativas", "parent": null, "level": 0, "show_all": false, "lft": 1, "tree_id": 3, "is_public": true, "slug": "instituciones-educativas"}}, {"pk": 40, "model": "maap.maapcategory", "fields": {"rght": 9, "name": "Colegios", "parent": 38, "level": 1, "show_all": false, "lft": 4, "tree_id": 3, "is_public": true, "slug": "colegios"}}, {"pk": 42, "model": "maap.maapcategory", "fields": {"rght": 8, "name": "Privados", "parent": 40, "level": 2, "show_all": false, "lft": 7, "tree_id": 3, "is_public": true, "slug": "privados"}}, {"pk": 44, "model": "maap.maapcategory", "fields": {"rght": 4, "name": "Conectividad", "parent": null, "level": 0, "show_all": false, "lft": 1, "tree_id": 4, "is_public": true, "slug": "conectividad"}}, {"pk": 45, "model": "maap.maapcategory", "fields": {"rght": 3, "name": "Zonas WiFi", "parent": 44, "level": 1, "show_all": false, "lft": 2, "tree_id": 4, "is_public": true, "slug": "zonas-wifi"}}, {"pk": 46, "model": "maap.maapcategory", "fields": {"rght": 2, "name": "Referencias Historicas", "parent": null, "level": 0, "show_all": false, "lft": 1, "tree_id": 5, "is_public": true, "slug": "referencias-historicas"}}, {"pk": 47, "model": "maap.maapcategory", "fields": {"rght": 2, "name": "Espacios Verdes", "parent": null, "level": 0, "show_all": false, "lft": 1, "tree_id": 6, "is_public": true, "slug": "espacios-verdes"}}, {"pk": 49, "model": "maap.maapcategory", "fields": {"rght": 3, "name": "Cine", "parent": 48, "level": 1, "show_all": false, "lft": 2, "tree_id": 7, "is_public": true, "slug": "cine"}}, {"pk": 50, "model": "maap.maapcategory", "fields": {"rght": 5, "name": "Teatro", "parent": 48, "level": 1, "show_all": false, "lft": 4, "tree_id": 7, "is_public": true, "slug": "teatro"}}, {"pk": 51, "model": "maap.maapcategory", "fields": {"rght": 7, "name": "M\u00fasica", "parent": 48, "level": 1, "show_all": false, "lft": 6, "tree_id": 7, "is_public": true, "slug": "musica"}}, {"pk": 48, "model": "maap.maapcategory", "fields": {"rght": 10, "name": "Espect\u00e1culos", "parent": null, "level": 0, "show_all": false, "lft": 1, "tree_id": 7, "is_public": true, "slug": "espectaculos"}}, {"pk": 52, "model": "maap.maapcategory", "fields": {"rght": 9, "name": "Centros Culturales", "parent": 48, "level": 1, "show_all": false, "lft": 8, "tree_id": 7, "is_public": true, "slug": "centros-culturales"}}, {"pk": 65, "model": "maap.maapcategory", "fields": {"rght": 4, "name": "Transporte", "parent": null, "level": 0, "show_all": false, "lft": 1, "tree_id": 11, "is_public": true, "slug": "transporte"}}, {"pk": 66, "model": "maap.maapcategory", "fields": {"rght": 3, "name": "Corredor Celeste (E)", "parent": 65, "level": 1, "show_all": false, "lft": 2, "tree_id": 11, "is_public": true, "slug": "corredor-celeste-e"}}, {"pk": 67, "model": "maap.maapcategory", "fields": {"rght": 2, "name": "Barrios", "parent": null, "level": 0, "show_all": true, "lft": 1, "tree_id": 12, "is_public": true, "slug": "barrios"}}, {"pk": 1, "model": "maap.maappoint", "fields": {"category": [56, 59, 30, 41], "geom": "POINT (-7147664.7321827001869678 -3678866.3975681001320481)", "icon": 121}}, {"pk": 2, "model": "maap.maappoint", "fields": {"category": [58, 59, 62], "geom": "POINT (-7147822.3835506998002529 -3678730.2441063001751900)", "icon": 134}}, {"pk": 3, "model": "maap.maappoint", "fields": {"category": [41, 47], "geom": "POINT (-7147244.3285272000357509 -3689271.3880415000021458)", "icon": 121}}, {"pk": 4, "model": "maap.maappoint", "fields": {"category": [47], "geom": "POINT (-7147626.5136684998869896 -3683653.2664636000990868)", "icon": 121}}, {"pk": 5, "model": "maap.maappoint", "fields": {"category": [33, 35], "geom": "POINT (-7146718.8239578995853662 -3685860.3856549002230167)", "icon": 176}}, {"pk": 6, "model": "maap.maappoint", "fields": {"category": [33, 35], "geom": "POINT (-7142008.3920905003324151 -3686911.3947936999611557)", "icon": 176}}, {"pk": 7, "model": "maap.maappoint", "fields": {"category": [33, 35], "geom": "POINT (-7146503.8448157999664545 -3684565.7334885001182556)", "icon": 176}}, {"pk": 8, "model": "maap.maappoint", "fields": {"category": [58], "geom": "POINT (-7145658.2601904999464750 -3686170.9110822998918593)", "icon": 154}}, {"pk": 9, "model": "maap.maappoint", "fields": {"category": [58], "geom": "POINT (-7149303.3509761998429894 -3684943.1413158001378179)", "icon": 154}}, {"pk": 10, "model": "maap.maappoint", "fields": {"category": [58, 57], "geom": "POINT (-7145448.0583627996966243 -3688392.3622163999825716)", "icon": 98}}, {"pk": 11, "model": "maap.maappoint", "fields": {"category": [58, 61, 57], "geom": "POINT (-7144822.2301938002929091 -3687393.9035346000455320)", "icon": 154}}, {"pk": 13, "model": "maap.maaparea", "fields": {"category": [67], "geom": "POLYGON ((-7141882.2039496256038547 -3682228.5686906217597425, -7142894.1041957186535001 -3681913.4033546433784068, -7143152.2603667760267854 -3681832.9996162205934525, -7142967.8639212185516953 -3681189.9237825693562627, -7142565.9211073089390993 -3681306.4029396045953035, -7141897.1479034200310707 -3681516.4351696837693453, -7141652.2263602269813418 -3681561.2049565734341741, -7141882.2039496256038547 -3682228.5686906217597425))"}}, {"pk": 14, "model": "maap.maaparea", "fields": {"category": [67], "geom": "POLYGON ((-7141721.5868515903130174 -3680960.7627400816418231, -7142391.8840126283466816 -3680736.1509602945297956, -7142565.9211073089390993 -3681306.4029396045953035, -7141897.1479034200310707 -3681516.4351696837693453, -7141721.5868515903130174 -3680960.7627400816418231))"}}, {"pk": 15, "model": "maap.maaparea", "fields": {"category": [67], "geom": "POLYGON ((-7142894.1041957186535001 -3681913.4033546433784068, -7143152.5135833956301212 -3682679.3140876428224146, -7143198.0341241359710693 -3682814.2393440087325871, -7142857.2658262988552451 -3682936.1107902214862406, -7142466.4049686631187797 -3683075.8986964318901300, -7142252.7433568881824613 -3683019.0157529530115426, -7142094.2105029635131359 -3682809.9245477751828730, -7141719.8416354628279805 -3682316.1783635718747973, -7141695.7356338985264301 -3682284.3862142288126051, -7141882.2039496256038547 -3682228.5686906217597425, -7142894.1041957186535001 -3681913.4033546433784068))"}}, {"pk": 16, "model": "maap.maaparea", "fields": {"category": [67], "geom": "POLYGON ((-7143181.6339819068089128 -3680451.2192227300256491, -7142718.0381595073267817 -3680888.3111377554014325, -7142901.9166375184431672 -3680982.3413895852863789, -7142967.8639212185516953 -3681189.9237825693562627, -7143152.2603667760267854 -3681832.9996162205934525, -7143616.7118478212505579 -3681689.1079928549006581, -7144049.2147468086332083 -3681692.1414137915708125, -7144050.6085624145343900 -3681494.6049046940170228, -7144051.8045845236629248 -3681325.1029334794729948, -7143900.0904158037155867 -3681203.8170638727024198, -7143207.5174882970750332 -3680478.8329707961529493, -7143181.6339819068089128 -3680451.2192227300256491))"}}, {"pk": 17, "model": "maap.maaparea", "fields": {"category": [67], "geom": "POLYGON ((-7139365.7790217567235231 -3681886.2375612207688391, -7139394.7852042019367218 -3681772.1796436854638159, -7139444.5100883962586522 -3681536.7868734681978822, -7139264.2573831928893924 -3681514.9465364594943821, -7139073.6453271126374602 -3681512.5198347512632608, -7138711.0680465241894126 -3681519.7999413199722767, -7138692.4212149502709508 -3681752.7656358266249299, -7139148.2326534045860171 -3681847.4092147476039827, -7139365.7790217567235231 -3681886.2375612207688391))"}}, {"pk": 18, "model": "maap.maaparea", "fields": {"category": [67], "geom": "POLYGON ((-7140909.0623185290023685 -3682154.4249787437729537, -7141453.3268234459683299 -3681976.1795852691866457, -7141695.7356338985264301 -3682284.3862142288126051, -7141882.2039496256038547 -3682228.5686906217597425, -7141652.2263602269813418 -3681561.2049565734341741, -7141897.1479034200310707 -3681516.4351696837693453, -7141721.5868515903130174 -3680960.7627400816418231, -7141569.3515532342717052 -3680478.9396039522252977, -7140902.2832797141745687 -3680697.3334501422941685, -7140903.1066914461553097 -3681011.1215433301404119, -7140909.0623185290023685 -3682154.4249787437729537))"}}, {"pk": 19, "model": "maap.maaparea", "fields": {"category": [67], "geom": "POLYGON ((-7140903.1066914461553097 -3681011.1215433301404119, -7140909.0623185290023685 -3682154.4249787437729537, -7140826.7501330869272351 -3682183.0886737136170268, -7140783.6474684160202742 -3682188.3002618248574436, -7140560.6259389407932758 -3682138.4645412992686033, -7140215.2457934170961380 -3682063.3934538001194596, -7140211.0014099003747106 -3681177.0034813117235899, -7140209.8752407236024737 -3681013.3835250032134354, -7140903.1066914461553097 -3681011.1215433301404119))"}}, {"pk": 20, "model": "maap.maaparea", "fields": {"category": [67], "geom": "POLYGON ((-7140215.2457934170961380 -3682063.3934538001194596, -7140211.0014099003747106 -3681177.0034813117235899, -7139270.4729937156662345 -3681187.3461535270325840, -7139267.5393931521102786 -3681202.1672994112595916, -7139264.2573831928893924 -3681514.9465364594943821, -7139444.5100883962586522 -3681536.7868734681978822, -7139394.7852042019367218 -3681772.1796436854638159, -7139365.7790217567235231 -3681886.2375612207688391, -7139831.9498110851272941 -3681983.3089658673852682, -7140215.2457934170961380 -3682063.3934538001194596))"}}, {"pk": 21, "model": "maap.maaparea", "fields": {"category": [67], "geom": "POLYGON ((-7145590.8854725798591971 -3681667.5519419028423727, -7145644.1165195433422923 -3682143.4516749200411141, -7145692.6759767644107342 -3682132.0759311742149293, -7145809.2186740962788463 -3682879.1055370504036546, -7145776.8457026164978743 -3682890.4819746422581375, -7145893.3883999483659863 -3683576.8799304077401757, -7145987.2700172439217567 -3684126.7845046836882830, -7146018.9955292930826545 -3684405.9179316204972565, -7145998.2768275467678905 -3684566.7259472156874835, -7145933.5308845825493336 -3684760.9120267066173255, -7145236.1720231054350734 -3685018.5292954877950251, -7144783.6429375791922212 -3685185.7048147865571082, -7144762.9242358300834894 -3685291.9053151565603912, -7144765.5140735507011414 -3685352.5917290616780519, -7145187.6576216612011194 -3685325.2828055685386062, -7145306.7901567136868834 -3685304.0425738669000566, -7145348.2275602072477341 -3685607.4779531201347709, -7145091.8336260765790939 -3685646.9251049412414432, -7144850.9787182593718171 -3685543.7558995019644499, -7144716.3071568971499801 -3685507.3434463785961270, -7144545.3778674770146608 -3685492.1716228816658258, -7144239.7770166983827949 -3685592.3060055011883378, -7144136.1835079584270716 -3685640.8563040783628821, -7144107.6952930539846420 -3685564.9965471792966127, -7144045.5391878113150597 -3685574.0996931823901832, -7144019.6408106274902821 -3685513.4121810430660844, -7144020.3075997540727258 -3684706.6554477778263390, -7144046.2059769397601485 -3682355.4009327637031674, -7144049.2147468086332083 -3681692.1414137915708125, -7144050.6085624145343900 -3681494.6049046940170228, -7144259.7088852785527706 -3681700.9195548011921346, -7144371.0719071729108691 -3681761.5881747473031282, -7144497.9739553807303309 -3681764.6216136319562793, -7144604.1573018357157707 -3681804.0563874864019454, -7144912.3479903358966112 -3681807.0898368866182864, -7145066.8085421724244952 -3681959.9085247055627406, -7145106.1740754935890436 -3681955.0549454777501523, -7145104.0240823365747929 -3681767.6724304878152907, -7145590.8854725798591971 -3681667.5519419028423727))"}}, {"pk": 22, "model": "maap.maaparea", "fields": {"category": [67], "geom": "POLYGON ((-7144912.3479903358966112 -3681807.0898368866182864, -7144969.4979852316901088 -3681795.3371603013947606, -7144966.4247728232294321 -3681721.8272281452082098, -7145086.1582275247201324 -3681698.9119262602180243, -7145104.0240823365747929 -3681767.6724304878152907, -7145106.1740754935890436 -3681955.0549454777501523, -7145066.8085421724244952 -3681959.9085247055627406, -7144912.3479903358966112 -3681807.0898368866182864))"}}, {"pk": 23, "model": "maap.maaparea", "fields": {"category": [67], "geom": "POLYGON ((-7142252.7433568881824613 -3683019.0157529530115426, -7143541.1876218337565660 -3684740.7898865905590355, -7143767.7984222006052732 -3684759.7535048332065344, -7143910.2394967209547758 -3684744.5826078890822828, -7144020.3075997540727258 -3684706.6554477778263390, -7144046.2059769397601485 -3682355.4009327637031674, -7143152.5135833956301212 -3682679.3140876428224146, -7143198.0341241359710693 -3682814.2393440087325871, -7142857.2658262988552451 -3682936.1107902214862406, -7142948.7622437337413430 -3683189.6653760387562215, -7142466.4049686631187797 -3683075.8986964318901300, -7142252.7433568881824613 -3683019.0157529530115426))"}}, {"pk": 24, "model": "maap.maaparea", "fields": {"category": [67], "geom": "POLYGON ((-7144049.2147468086332083 -3681692.1414137915708125, -7144046.2059769397601485 -3682355.4009327637031674, -7143152.5135833956301212 -3682679.3140876428224146, -7142894.1041957186535001 -3681913.4033546433784068, -7143152.2603667760267854 -3681832.9996162205934525, -7143616.7118478212505579 -3681689.1079928549006581, -7144049.2147468086332083 -3681692.1414137915708125))"}}, {"pk": 25, "model": "maap.maaparea", "fields": {"category": [67], "geom": "POLYGON ((-7144912.3479903358966112 -3680721.1629469408653677, -7144912.3479903358966112 -3680863.7232791623100638, -7144912.3479903358966112 -3681807.0898368866182864, -7144604.1573018357157707 -3681804.0563874864019454, -7144497.9739553807303309 -3681764.6216136319562793, -7144371.0719071729108691 -3681761.5881747473031282, -7144259.7088852785527706 -3681700.9195548011921346, -7144050.6085624145343900 -3681494.6049046940170228, -7144051.8045845236629248 -3681325.1029334794729948, -7144052.8991706911474466 -3680730.2569083790294826, -7144912.3479903358966112 -3680721.1629469408653677))"}}, {"pk": 26, "model": "maap.maaparea", "fields": {"category": [67], "geom": "POLYGON ((-7144912.3479903358966112 -3680863.7232791623100638, -7145466.5732620907947421 -3680863.7232791646383703, -7145590.8854725798591971 -3681667.5519419028423727, -7145104.0240823365747929 -3681767.6724304878152907, -7145086.1582275247201324 -3681698.9119262602180243, -7144966.4247728232294321 -3681721.8272281452082098, -7144969.4979852316901088 -3681795.3371603013947606, -7144912.3479903358966112 -3681807.0898368866182864, -7144912.3479903358966112 -3680863.7232791623100638))"}}, {"pk": 27, "model": "maap.maaparea", "fields": {"category": [67], "geom": "POLYGON ((-7145306.7901567136868834 -3685304.0425738669000566, -7145236.1720231054350734 -3685018.5292954877950251, -7144783.6429375791922212 -3685185.7048147865571082, -7144762.9242358300834894 -3685291.9053151565603912, -7144765.5140735507011414 -3685352.5917290616780519, -7145187.6576216612011194 -3685325.2828055685386062, -7145306.7901567136868834 -3685304.0425738669000566))"}}, {"pk": 28, "model": "maap.maaparea", "fields": {"category": [67], "geom": "POLYGON ((-7145933.5308845825493336 -3684760.9120267066173255, -7145911.2793226391077042 -3684820.3949301722459495, -7145793.5970967113971710 -3684993.2239713724702597, -7145712.3797858580946922 -3685098.0877250875346363, -7145574.8076062537729740 -3685191.3007047632709146, -7145412.3729845518246293 -3685274.8046018118038774, -7145306.7901567136868834 -3685304.0425738669000566, -7145236.1720231054350734 -3685018.5292954877950251, -7145933.5308845825493336 -3684760.9120267066173255))"}}, {"pk": 29, "model": "maap.maaparea", "fields": {"category": [67], "geom": "POLYGON ((-7145574.8076062537729740 -3685191.3007047632709146, -7145802.5579352164641023 -3685317.7401485331356525, -7146145.7114329142495990 -3685294.9827728569507599, -7145983.8465755088254809 -3685549.1092030112631619, -7145595.3709177365526557 -3685560.4881218043155968, -7145348.2275602072477341 -3685607.4779531201347709, -7145306.7901567136868834 -3685304.0425738669000566, -7145412.3729845518246293 -3685274.8046018118038774, -7145574.8076062537729740 -3685191.3007047632709146))"}}, {"pk": 30, "model": "maap.maaparea", "fields": {"category": [67], "geom": "POLYGON ((-7142948.7622437337413430 -3683189.6653760387562215, -7142466.4049686631187797 -3683075.8986964318901300, -7142857.2658262988552451 -3682936.1107902214862406, -7142948.7622437337413430 -3683189.6653760387562215))"}}, {"pk": 31, "model": "maap.maaparea", "fields": {"category": [67], "geom": "POLYGON ((-7143891.2346459776163101 -3680039.0383287612348795, -7143777.2817863645032048 -3680657.7884122165851295, -7143777.2817863645032048 -3680903.4772585961036384, -7143829.0785407349467278 -3680909.5437121884897351, -7143900.0904158037155867 -3681203.8170638727024198, -7144051.8045845236629248 -3681325.1029334794729948, -7144052.8991706911474466 -3680730.2569083790294826, -7144054.3944222424179316 -3679917.7184464605525136, -7143891.2346459776163101 -3679990.5102317179553211, -7143891.2346459776163101 -3680039.0383287612348795))"}}, {"pk": 32, "model": "maap.maaparea", "fields": {"category": [67], "geom": "POLYGON ((-7144054.3944222424179316 -3679917.7184464605525136, -7143891.2346459776163101 -3679990.5102317179553211, -7143891.2346459776163101 -3680039.0383287612348795, -7143642.6102250022813678 -3680045.1043544034473598, -7143207.5174882970750332 -3680478.8329707961529493, -7143181.6339819068089128 -3680451.2192227300256491, -7142567.8275718344375491 -3679796.3997651697136462, -7143251.5447295121848583 -3679672.0493632066063583, -7144051.8045845236629248 -3679659.9176842235028744, -7144053.5992103870958090 -3679838.5599283110350370, -7144054.3944222424179316 -3679917.7184464605525136))"}}, {"pk": 33, "model": "maap.maaparea", "fields": {"category": [67], "geom": "POLYGON ((-7143900.0904158037155867 -3681203.8170638727024198, -7143207.5174882970750332 -3680478.8329707961529493, -7143642.6102250022813678 -3680045.1043544034473598, -7143891.2346459776163101 -3680039.0383287612348795, -7143777.2817863645032048 -3680657.7884122165851295, -7143777.2817863645032048 -3680903.4772585961036384, -7143829.0785407349467278 -3680909.5437121884897351, -7143900.0904158037155867 -3681203.8170638727024198))"}}, {"pk": 34, "model": "maap.maaparea", "fields": {"category": [67], "geom": "POLYGON ((-7145304.3037425437942147 -3679865.9779525357298553, -7145466.5732620907947421 -3680863.7232791646383703, -7144912.3479903358966112 -3680863.7232791623100638, -7144914.8164294091984630 -3679877.8254943550564349, -7145304.3037425437942147 -3679865.9779525357298553))"}}, {"pk": 35, "model": "maap.maaparea", "fields": {"category": [67], "geom": "POLYGON ((-7145304.3037425437942147 -3679865.9779525357298553, -7144914.8164294091984630 -3679877.8254943550564349, -7144917.5276657752692699 -3679829.4402056937105954, -7144053.5992103870958090 -3679838.5599283110350370, -7144051.8045845236629248 -3679659.9176842235028744, -7144125.0373239191249013 -3679474.5889999149367213, -7144295.9666133411228657 -3679292.6180078466422856, -7144578.2589246528223157 -3679222.8631772012449801, -7145109.1756569417193532 -3679071.2236105347983539, -7145192.0504639344289899 -3679241.0600512702949345, -7145304.3037425437942147 -3679865.9779525357298553))"}}, {"pk": 36, "model": "maap.maaparea", "fields": {"category": [67], "geom": "POLYGON ((-7144914.8164294091984630 -3679877.8254943550564349, -7144912.3479903358966112 -3680721.1629469408653677, -7144052.8991706911474466 -3680730.2569083790294826, -7144054.3944222424179316 -3679917.7184464605525136, -7144053.5992103870958090 -3679838.5599283110350370, -7144917.5276657752692699 -3679829.4402056937105954, -7144914.8164294091984630 -3679877.8254943550564349))"}}, {"pk": 37, "model": "maap.maaparea", "fields": {"category": [67], "geom": "POLYGON ((-7142094.2105029635131359 -3682809.9245477751828730, -7141508.1650128262117505 -3682601.8822400327771902, -7141569.6736586401239038 -3682450.2008485579863191, -7141719.8416354628279805 -3682316.1783635718747973, -7142094.2105029635131359 -3682809.9245477751828730))"}}, {"pk": 38, "model": "maap.maaparea", "fields": {"category": [67], "geom": "POLYGON ((-7141508.1650128262117505 -3682601.8822400327771902, -7141569.6736586401239038 -3682450.2008485579863191, -7141719.8416354628279805 -3682316.1783635718747973, -7141695.7356338985264301 -3682284.3862142288126051, -7141453.3268234459683299 -3681976.1795852691866457, -7140909.0623185290023685 -3682154.4249787437729537, -7140912.5023375758901238 -3682374.3608572245575488, -7141508.1650128262117505 -3682601.8822400327771902))"}}, {"pk": 39, "model": "maap.maaparea", "fields": {"category": [67], "geom": "POLYGON ((-7140901.0348212672397494 -3680221.5826667649671435, -7140902.2832797141745687 -3680697.3334501422941685, -7140903.1066914461553097 -3681011.1215433301404119, -7140209.8752407236024737 -3681013.3835250032134354, -7140198.4258648529648781 -3680763.1930976281873882, -7140190.4256167830899358 -3680197.3172226035967469, -7140188.3114811424165964 -3680073.5703667826019228, -7140461.7983442153781652 -3680056.5854630987159908, -7140901.0348212672397494 -3680221.5826667649671435))"}}, {"pk": 40, "model": "maap.maaparea", "fields": {"category": [67], "geom": "POLYGON ((-7139834.0216812575235963 -3680762.6920275669544935, -7140198.4258648529648781 -3680763.1930976281873882, -7140190.4256167830899358 -3680197.3172226035967469, -7139974.9088531406596303 -3680117.2459415034390986, -7139825.7342005567625165 -3680143.9366471273824573, -7139826.3195649627596140 -3680187.6397808478213847, -7139834.0216812575235963 -3680762.6920275669544935))"}}, {"pk": 41, "model": "maap.maaparea", "fields": {"category": [67], "geom": "POLYGON ((-7139834.0216812575235963 -3680762.6920275669544935, -7139262.1855130149051547 -3680765.1185807618312538, -7139256.8440060215070844 -3680578.4850832726806402, -7139249.7542919637635350 -3680330.7732142787426710, -7139421.7195164719596505 -3680233.7149017746560276, -7139550.1754673086106777 -3680190.0389119503088295, -7139826.3195649627596140 -3680187.6397808478213847, -7139834.0216812575235963 -3680762.6920275669544935))"}}, {"pk": 42, "model": "maap.maaparea", "fields": {"category": [67], "geom": "POLYGON ((-7140211.0014099003747106 -3681177.0034813117235899, -7139270.4729937156662345 -3681187.3461535270325840, -7139263.5206148829311132 -3680833.1378852571360767, -7139262.1855130149051547 -3680765.1185807618312538, -7139834.0216812575235963 -3680762.6920275669544935, -7140198.4258648529648781 -3680763.1930976281873882, -7140209.8752407236024737 -3681013.3835250032134354, -7140211.0014099003747106 -3681177.0034813117235899))"}}, {"pk": 43, "model": "maap.maaparea", "fields": {"category": [67], "geom": "POLYGON ((-7139267.5393931521102786 -3681202.1672994112595916, -7139264.2573831928893924 -3681514.9465364594943821, -7139073.6453271126374602 -3681512.5198347512632608, -7138711.0680465241894126 -3681519.7999413199722767, -7138719.3555272249504924 -3681269.8520913403481245, -7138729.7148780990391970 -3681214.0391902513802052, -7139267.5393931521102786 -3681202.1672994112595916))"}}, {"pk": 44, "model": "maap.maaparea", "fields": {"category": [67], "geom": "POLYGON ((-7139263.5206148829311132 -3680833.1378852571360767, -7139270.4729937156662345 -3681187.3461535270325840, -7139267.5393931521102786 -3681202.1672994112595916, -7138729.7148780990391970 -3681214.0391902513802052, -7138738.0023587942123413 -3681124.2537524485960603, -7138760.7929307185113430 -3681024.7625493477098644, -7138783.5835026409476995 -3680934.9784985999576747, -7138835.3802570104598999 -3680847.6216753157787025, -7139263.5206148829311132 -3680833.1378852571360767))"}}, {"pk": 45, "model": "maap.maaparea", "fields": {"category": [67], "geom": "POLYGON ((-7139256.8440060215070844 -3680578.4850832726806402, -7139262.1855130149051547 -3680765.1185807618312538, -7139263.5206148829311132 -3680833.1378852571360767, -7138835.3802570104598999 -3680847.6216753157787025, -7138899.6082324292510748 -3680723.8672418091446161, -7138943.1175061007961631 -3680646.2180393538437784, -7138996.9861306454986334 -3680573.4223589510656893, -7139256.8440060215070844 -3680578.4850832726806402))"}}, {"pk": 46, "model": "maap.maaparea", "fields": {"category": [67], "geom": "POLYGON ((-7141569.3515532342717052 -3680478.9396039522252977, -7141463.6861743228510022 -3680122.2497713360935450, -7141407.7456796048209071 -3679860.1985508725047112, -7141171.5524796778336167 -3679908.7261319006793201, -7141111.4682446103543043 -3679930.5636060563847423, -7141012.0184762189164758 -3679998.5026633865199983, -7140895.9937464306131005 -3680088.2798525649122894, -7140901.0348212672397494 -3680221.5826667649671435, -7140902.2832797141745687 -3680697.3334501422941685, -7141569.3515532342717052 -3680478.9396039522252977))"}}, {"pk": 13, "model": "maap.maapzone", "fields": {"category": [67], "nodes_covered": [434508188, 434508195, 434508192, 434508205, 434508224, 434508225, 434508229, 434508234, 434508238, 434508253, 434508322, 434508307, 434508311, 434508455, 434508533, 434508529, 434508541, 434508540, 434508542, 434508537, 434508538, 434508517, 434508518, 434508519, 434508512, 434508513, 434508514, 434508524, 434508525, 434508526, 434508527, 434508520, 434508523, 434508501, 434508499, 434508497, 434508496, 434508511, 434508509, 434508508, 434508507, 434508504, 434508494, 434508491, 434508553, 434508552, 434508555, 434508554, 434508557, 434508556, 434508559, 434508558, 434508545, 434508544, 434508546, 434508551, 434508550, 434508561, 434508562, 434508563, 434534506, 434534520, 434534514, 434534637, 434534635, 434534643, 434534545, 434468653, 434478305, 434478309, 434478308, 434728027, 434728025, 434728031, 434728029, 434728028, 434728019, 434728018, 434728023, 434728021, 434728020, 434728014, 434728040, 434728041, 434728042, 434728044, 434728045, 434728046, 434728032, 434728033, 434728034, 434728035, 434728037, 434728038, 434728039, 272172003, 272172228, 272172363, 434715663, 434715661]}}, {"pk": 14, "model": "maap.maapzone", "fields": {"category": [67], "nodes_covered": [434534658, 434508547, 434534662, 434534561, 434534562, 434534564, 434534565, 434534566, 434534567, 434534569, 434534570, 434534571, 434534572, 434534573, 434534575, 434534576, 434534577, 434534578, 434534579, 434534580, 434534581, 434534582, 434534583, 434534584, 434534586, 434534587, 434534588, 434534589, 434534590, 434534591, 434534592, 434534593, 434534595, 434534596, 434534598, 434534599, 434534600, 434534601, 434534602, 434534604, 434534605, 434534606, 434534607, 434534608, 434534609, 434534610, 434534611, 434534613, 434534614, 434534615, 434534616, 434534617, 434534618, 434534619, 434534621, 434534622, 434534623, 434534624, 434534625, 434534626, 434534627, 434534628, 434534629, 434534630, 434534631, 434534632, 434534633, 434534634, 434534636, 434478290, 434534638, 434534639, 434534640, 434534642, 434534644, 434534645, 434534646, 434534647, 434534649, 434534650, 434534651, 434547964, 434534653, 434534654, 434534655, 434534657, 434547970, 434534659, 434534660, 434508549, 434547974, 434534663, 434534665, 434534666, 434534667, 434534668, 434547971]}}, {"pk": 15, "model": "maap.maapzone", "fields": {"category": [67], "nodes_covered": [282812122, 434728026, 272172296, 434715702, 434715667, 434715664, 434715897, 434715863, 434715861, 434715856, 434715865, 434715840, 434715850, 434715833, 434716015, 434716014, 434716010, 434716008, 434716007, 434716004, 434716003, 434716001, 434716030, 434716031, 434716028, 434716027, 434716025, 434716022, 434716023, 434716020, 434716018, 434716019, 434716017, 434715983, 434715977, 434715976, 434715973, 434715972, 434715971, 434715998, 434715999, 434715993, 434715995, 434715989, 434715991, 434715986, 434715987, 434715946, 434715948, 434715939, 434715966, 434715967, 434715964, 434716134, 434716133, 434716130, 434716143, 434716140, 434716139, 434716136, 434716150, 434716148, 434716145, 434716159, 434716157, 434716156, 434716155, 434716154, 434716153, 434716152, 434716100, 434716101, 434716103, 434716096, 434716098, 434716111, 434716105, 434716107, 434716116, 434716119, 434716118, 434716113, 434716115, 434716126, 434716121, 434716123, 434716066, 434716067, 434716064, 434716065, 434716071, 434716068, 434716074, 434716075, 434716072, 434716078, 434716077, 434716082, 434716081, 434716080, 434716086, 434716085, 434716091, 434716094, 434716092, 434716032, 434716033, 434716035, 434716037, 434716038, 434716040, 434716041, 434716042, 434716044, 434716045, 434716046, 434716048, 434716051, 434716050, 434716061, 434716060, 434716063, 434716242, 434716240, 434716245, 434716238, 434716190, 434716189, 434716184, 434716181, 434716177, 434716174, 434716171, 434716168, 434716165, 434716163, 434716161, 434716216, 434716212, 434716213, 434716214, 434716209, 434716211, 434716205, 434716206, 434716200, 434716202, 434716198, 434716195, 434716194, 434715607]}}, {"pk": 16, "model": "maap.maapzone", "fields": {"category": [67], "nodes_covered": [434508327, 434468915, 434508354, 434508372, 434508407, 434283798, 434508423, 434468632, 434508437, 434508448, 434508469, 434508470, 434508471, 434508472, 434508474, 434508475, 434508476, 434508477, 434508478, 434508481, 434508482, 434508483, 434508485, 434508486, 434508487, 434508489, 434508490, 434508492, 434508498, 434508500, 434508505, 434468606, 434468610, 434468614, 434468616, 434468620, 433954575, 434468628, 434468630, 434283799, 434283800, 434283801, 434283802, 434468635, 434468638, 434283807, 434283808, 434283809, 434468643, 434468646, 434468647, 434468649, 434468651, 434468656, 434468658, 434468660, 434468662, 434468664, 434468666, 434468668, 434468670, 434468672, 434468674, 434468676, 434468677, 434468679, 434468681, 434468683, 434468685, 434468688, 434468692, 434468640, 282815886, 434468776, 434468779, 282815917, 434468782, 434468785, 434468787, 434286031, 434286032, 434286033, 434286041, 434286042, 434286043, 434286164, 434508284, 434508287]}}, {"pk": 17, "model": "maap.maapzone", "fields": {"category": [67], "nodes_covered": [435757824, 435747875, 435757827, 435747844, 435747846, 435747848, 435715596, 435715603, 435715606, 435715588, 435747999, 435748001, 435748003, 435748005, 435748007, 435748009, 435757735, 435747891, 435757763, 435757765, 435747910, 435757767, 435747912, 435747917, 435747919, 435757731, 564179782, 564179797, 564179791, 435747877, 435757793, 435747938, 435757795, 435747940, 435757797, 435757799, 435757801, 435757803, 435757805, 435757807, 435757809, 435757811, 435757813, 435757815, 435757817, 434814413, 435757819, 435757821, 435757733, 435757823]}}, {"pk": 18, "model": "maap.maapzone", "fields": {"category": [67], "nodes_covered": [435747796, 435747980, 435747915, 434508198, 434508249, 434508535, 434508534, 434508531, 434534511, 434534510, 434534509, 434534507, 434534526, 434534527, 434534525, 434534522, 434534523, 434534521, 434534518, 434534519, 434534516, 434534515, 434534513, 434534648, 434534528, 434534530, 434534533, 434534535, 434534537, 434534539, 434534540, 434534542, 434534543, 434534547, 434534546, 434534548, 434534551, 434534550, 434534552, 434534555, 434534554, 434534557, 434534556, 434534558, 434534568, 434534682, 434534680, 434534686, 434534684, 434534685, 434534674, 434534675, 434534672, 434534678, 434534679, 434534676, 434534677, 434534664, 434534671, 434534670, 434534669, 434534656, 434738185, 434738169, 434738172, 434738157, 351962178, 351962141, 351962143, 351962173, 351962170, 351962149, 351962146, 351962147, 434478341, 434478320, 434478321, 435715943, 435715867, 434547939, 434547938, 434547937, 434547936, 434547943, 434547946, 434547945, 434547944, 434547951, 434547950, 434547949, 434547948, 434547955, 434547952, 434547953, 434547959, 434547956, 434547957, 434547960, 434547906, 434547909, 434547908, 434547911, 434547910, 434547913, 434547912, 434547919, 434547918, 434547921, 434547922, 434547923, 434547925, 434547927, 434547932, 434547933, 434547934, 434547935, 434547990, 434547986, 434547983, 434728024, 434728017, 434728016, 434728049, 434728048, 434728052, 434728047]}}, {"pk": 19, "model": "maap.maapzone", "fields": {"category": [67], "nodes_covered": [435715968, 435747776, 435747976, 435747981, 435747983, 435747765, 434534512, 435747889, 435747758, 435747887, 435747888, 435747761, 435715634, 435747763, 435747893, 435747768, 435747897, 435747770, 435747772, 435747773, 435747774, 435747775, 435715648, 435747777, 435747778, 434814409, 434814411, 435715664, 435747928, 435747930, 435747931, 435747932, 435747933, 435715934, 435747807, 435747809, 435747812, 435747815, 435747816, 435715952, 435715953, 435715954, 435715955, 435715956, 435715957, 435747958, 435747961, 435747963, 435715967]}}, {"pk": 20, "model": "maap.maapzone", "fields": {"category": [67], "nodes_covered": [435747968, 435747841, 435747970, 435747971, 435747826, 435747974, 435747977, 435747850, 435747979, 435747820, 435747854, 435747821, 435747984, 435715857, 435747858, 435747987, 435747989, 435747799, 435747992, 435747780, 435747994, 435747995, 435747740, 435747997, 435747742, 435747871, 435747744, 435747873, 435747803, 564179748, 435747953, 435747750, 435747751, 435747965, 435747754, 435747883, 435747756, 435747885, 435747886, 435747869, 564179762, 435747955, 435747828, 435747900, 435747902, 435747904, 435747936, 435747908, 435747785, 435747786, 435747788, 434814415, 435747921, 435747923, 435747925, 435747927, 435747801, 435747791, 435747806, 435747859, 435747856, 435747942, 435747943, 435747817, 435747946, 435747819, 435747948, 435747949, 435715709, 435715697, 435747843, 435715859, 435747956, 435715671, 435747832, 435747834, 435747818, 435747838]}}, {"pk": 21, "model": "maap.maapzone", "fields": {"category": [67], "nodes_covered": [351720419, 351720429, 351720439, 351720447, 351720625, 351720611, 351720602, 351720578, 351720698, 351720687, 351720667, 351720656, 351720644, 351720501, 351720465, 351720477, 351720456, 351720567, 351720551, 351720536, 351720512, 351720520, 351720872, 351720892, 351720882, 351720863, 351720940, 351720931, 351720952, 351720909, 351720901, 351720920, 351720742, 351720750, 351720758, 351720764, 351720709, 351720721, 351720731, 351720808, 351720815, 351720826, 351720771, 351720778, 351720789, 351720797, 351721114, 351721105, 351721096, 351721145, 351721134, 351721125, 351721169, 351721154, 351720978, 351720990, 351720967, 351721011, 351721000, 351721046, 351721029, 351721083, 351721059, 351721071, 353456236, 353459292, 353459295, 353459288, 353459309, 353459306, 353459302, 353459299, 353452402, 351725355, 351725368, 351725327, 351725341, 351725307, 351725297, 351725285, 351725270, 351725258, 351725244, 351725232, 351725220, 353449664, 353449634, 353449638, 353449641, 353449646, 353449649, 353449660, 353449662, 353449623, 282812270, 282812271, 282812268, 282812269, 282812272, 498326558, 498326552, 498326555, 498326566, 498326561, 498326575, 498326572, 498326570, 498326568, 498326583, 498326581, 498326585, 282812397, 498326623, 498326629, 498326628, 282812121, 434017790, 434017788, 434017787, 434017786, 434017785, 434017784, 282810993, 434017783, 434017782, 282810995, 434017781, 434017780, 434017778, 434017777, 434017774, 434017775, 434017772, 434017773, 434017770, 434017771, 434017768, 434017769, 434017766, 434017767, 434017762, 434017763, 434017760, 434017761, 434017757, 434017756, 434017759, 434017758, 434017753, 434017752, 434017755, 434017754, 434017749, 434017748, 434017751, 434017750, 498450195, 498450196, 498324906, 498324917, 498324912, 498324915, 432659184, 432659168, 432659169, 432659170, 432659171, 432659173, 432659174, 432659175, 432659166, 282816546, 282816545, 282816091, 282816064, 282816114, 282816118, 282816048, 282816244, 282816226, 282816227, 282816157, 282816174, 282816175, 282816172, 282816173, 282816170, 282816171, 282816168, 282816169, 282815855, 282815813, 282815811, 282815810, 282815809, 282815819, 282815818, 282815799, 282815959, 282815904, 282815905, 282815925, 282815927, 282815926, 433954403, 433954400, 433954406, 433954405, 433954409, 433954415, 433954413, 433954417, 433954422, 433954420, 433954425, 433954429, 433954368, 433954375, 433954393, 433954396, 433954398, 498437593, 433954537, 433954543, 498437596, 498437597, 433954541, 498437599, 498437584, 433954530, 498437585, 498437586, 498437587, 433954535, 433954533, 498437591, 433954555, 433954552, 498437581, 498437582, 433954546, 433954551, 433954549, 433954504, 498437624, 433954506, 498437628, 433954510, 433954496, 433954501, 498437623, 433954503, 498437621, 498437611, 433954521, 498437610, 498437608, 433954524, 433954527, 433954512, 498437602, 498437601, 433954516, 498437607, 433954518, 498437604, 433954479, 433954477, 433954474, 433954472, 433954470, 433954467, 433954465, 433954494, 433954492, 433954484, 433954481, 433954444, 433954442, 433954432, 433954462, 433954457, 433954448, 433954451, 433954615, 433954582, 433954579, 433954571, 282812969, 434003789, 434003788, 434003791, 434003790, 434003784, 434003787, 434003786, 434003781, 434003780, 434003783, 434003782, 434003777, 434003776, 434003778, 434003807, 434003800, 434003801, 434003802, 434003796, 434003797, 434003798, 434003799, 434003792, 434003793, 434003794, 434003795, 434003823, 434003821, 434003820, 434003819, 434003818, 434003817, 434003811, 434003809, 434003808, 434003832, 434003830, 434003826, 434003824, 434003825, 434003721, 434003720, 434003722, 434003725, 434003724, 434003727, 434003726, 434003713, 434003712, 434003715, 434003714, 434003717, 434003719, 434003718, 434003737, 434003738, 434003740, 434003741, 434003743, 434003729, 434003730, 434003731, 434003732, 434003733, 434003734, 434003753, 434003759, 434003758, 434003757, 434003756, 434003746, 434003745, 434003751, 434003750, 434003748, 434003770, 434003771, 434003768, 434003769, 434003774, 434003775, 434003772, 434003773, 434003762, 434003763, 434003760, 434003761, 434003767, 434003764, 434003765, 434003671, 434003670, 434003669, 434003668, 434003666, 434003665, 434003664, 434003679, 434003678, 434003677, 434003676, 434003675, 434003674, 434003672, 434003654, 434003655, 434003652, 434003653, 434003650, 434003648, 434003649, 434003662, 434003663, 434003660, 434003661, 434003658, 434003659, 434003656, 434003657, 434003701, 434003700, 434003703, 434003702, 434003697, 434003696, 434003699, 434003709, 434003708, 434003711, 434003705, 434003707, 434003706, 434003684, 434003687, 434003681, 434003682, 434003683, 434003693, 434003694, 434003695, 434003690, 434003691, 434003633, 434003632, 434003635, 434003637, 434003636, 434003639, 434003638, 434003640, 434003643, 434003642, 434003645, 434003644, 434003647, 434003646, 434003621, 434003623, 434003624, 434003625, 434003626, 434003627, 434003629, 434003631, 353113982, 353113952, 353113937, 353113925, 353113929, 353113931, 353113930, 353113834, 353113847, 352868472, 352868461, 352868460, 352868463, 352868462, 352868459, 351963654, 353111792, 353111841, 353111854, 353111863, 432617461, 432617460, 432617457, 432617459, 432617458, 432617469, 432617468, 432617471, 432617470, 432617465, 432617464, 432617467, 432617466, 432617452, 432617453, 432617454, 432617455, 434783072, 434783098, 583922927, 583922941, 583922936, 432617472, 351737207, 351736881, 351736936, 351736633, 351736733, 351736766, 351736751, 350559321, 350559320, 350559342, 350561882, 350561883, 350561881, 350561886, 350561887, 350561884, 350561885, 350561888, 252219367, 564376520, 434281466, 434281465, 434281459, 434281458, 434281460, 564376499, 434281482, 434281487, 434281486, 434281485, 434281474, 434281478, 434281477, 434281498, 434281502, 434281503, 434281500, 434281501, 434281490, 434281491, 434281489, 434281492, 434281513, 434281512, 434281515, 434281514, 434281517, 434281516, 434281519, 434281518, 434281505, 434281504, 434281507, 434281506, 434281509, 434281508, 434281511, 434281510, 434281528, 434281529, 434281530, 434281531, 434281532, 434281533, 434281534, 434281535, 434281520, 434281521, 434281523, 434281524, 434281525, 434281526, 434281527, 434281548, 434281547, 434281546, 434281545, 434281544, 434281543, 434281542, 434281541, 434281540, 434281539, 434281538, 434281537, 434281536, 272172281, 272172272, 272172276, 272172241, 272172402]}}, {"pk": 22, "model": "maap.maapzone", "fields": {"category": [67], "nodes_covered": [433954600, 433954609, 433954612, 433954613, 433954605]}}, {"pk": 23, "model": "maap.maapzone", "fields": {"category": [67], "nodes_covered": [351720408, 434508281, 282812146, 282810997, 434017764, 434017765, 351960623, 351960618, 282812881, 434003806, 434003803, 434003816, 434003813, 434003812, 434003831, 434003828, 434003829, 434003685, 434003620, 434003630, 351962877, 351962874, 434728013, 434783061, 434783063, 434783059, 434783068, 434783070, 434783065, 434783067, 434783079, 434783077, 434783075, 434783073, 434783086, 434783085, 434783083, 434783081, 434783094, 434783092, 434783090, 434783088, 434783103, 434783100, 434783101, 434783096, 434783173, 434783169, 434783171, 434783112, 434783114, 434783118, 434783105, 434783107, 434783108, 434783110, 434783129, 434783131, 434783132, 434783134, 434783120, 434783123, 434783122, 434783125, 434783127, 434783147, 434783144, 434783145, 434783138, 434783136, 434783142, 434783162, 434783160, 434783167, 434783164, 434783158, 434783156, 272172290, 434715774, 434715775, 434715770, 434715771, 434715760, 434715759, 434715758, 434715753, 434715755, 434715754, 434715751, 434715750, 434715744, 434715741, 434715735, 434715733, 434715731, 434715729, 434715720, 434715718, 434715716, 434715714, 434715712, 434715682, 434715685, 434715684, 434715674, 434715672, 434715679, 434715677, 434715670, 434715658, 434715660, 434715650, 434715649, 434715655, 434715892, 434715894, 434715889, 434715891, 434715900, 434715899, 434715878, 434715872, 434715874, 434715884, 434715886, 434715880, 434715882, 434715870, 434715867, 434715828, 434715808, 434715810, 434715811, 434715813, 434715816, 434715817, 434715819, 434715820, 434715822, 434715823, 434715794, 434715793, 434715799, 434715797, 434715796, 434715803, 434715802, 434715806, 434715778, 434715777, 434715783, 434715780, 434715784, 434715785, 434715970, 434715950, 434715963, 434715960, 434715954, 434715952, 434715959, 434715957, 434715913, 434715914, 434715917, 434715916, 434715907, 434715909, 434715911, 434715933, 434715922, 434715923, 434716249, 434716247, 434715610, 434715615, 434715603, 434715626, 434715625, 434715628, 434715618, 434715619, 434715622, 434715623, 434715621, 434715642, 434715640, 434715645, 434715635, 434715633, 434715639]}}, {"pk": 24, "model": "maap.maapzone", "fields": {"category": [67], "nodes_covered": [434508173, 434508169, 434508176, 434508179, 434508185, 434508214, 434508210, 434508223, 434508221, 434508217, 434508257, 434508262, 434508266, 434508268, 434508279, 434508276, 434508344, 434508339, 434508342, 434508332, 434508335, 434508321, 434508320, 434508324, 434508314, 434508318, 434508298, 434508303, 434508412, 434508411, 434508406, 434508402, 434508397, 434508394, 434508389, 434508391, 434508387, 434508381, 434508378, 434508376, 434508374, 434508370, 434508365, 434508363, 434508360, 434508358, 434508465, 434508464, 434508467, 434508466, 434508449, 434508450, 434508451, 434508453, 434508456, 434508457, 434508458, 434508460, 434508461, 434508462, 434508433, 434508432, 434508438, 434508436, 434508443, 434508442, 434508440, 434508446, 434508445, 434508418, 434508417, 434508420, 434508421, 434508425, 434508428, 282815806, 282815933, 433954411, 433954487, 434728012, 434715769, 434715766, 434715767, 434715762, 434715763, 434715739, 434715737, 434715727, 434715725, 434715723, 434715719, 434715704, 434715706, 434715708, 434715709, 434715711, 434715697, 434715699, 434715689, 434715692, 434715694, 434715687, 434715858, 434715842, 434715843, 434715854, 434715853, 434715848, 434715826, 434715829, 434715830, 434715834, 434715837, 434715836, 434715838, 434715800, 434715787, 434715790, 434715791, 434715788, 434715596, 434715599, 434715601]}}, {"pk": 25, "model": "maap.maapzone", "fields": {"category": [67], "nodes_covered": [433954560, 433992064, 433954562, 433954435, 433992068, 433954565, 433954439, 433954568, 433992073, 433992074, 433992075, 433954573, 433992078, 433992079, 433954577, 433992082, 433992083, 433992084, 433992085, 433992086, 433954460, 433954437, 433992027, 282815857, 433992069, 433992066, 433992071, 433992065, 282815951, 282815928, 282815930, 433991999, 433954498, 433991619, 282815941, 282815942, 433992057, 433992012, 433992014, 433992077, 282815952, 282815953, 282815954, 282815955, 433992020, 433992021, 433992022, 433992023, 433992024, 433992026, 433992015, 433992028, 433992029, 433992031, 433992032, 433992033, 433992034, 433992036, 433992054, 433992017, 433992040, 433992041, 433992042, 433992067, 433992018, 433992046, 433992047, 433992048, 433992049, 433992019, 433954558, 433991670, 433992055, 282815956, 433992058, 433992060, 433992061, 433992062, 433992063]}}, {"pk": 26, "model": "maap.maapzone", "fields": {"category": [67], "nodes_covered": [433991680, 433991682, 433991686, 433991688, 433991690, 433991692, 433991693, 433906447, 433991696, 433906449, 433991698, 433991699, 433991701, 433954584, 433991706, 433954587, 433954588, 433954590, 433991712, 433954593, 433954595, 433991716, 433954597, 433991718, 433991708, 433954602, 433954607, 433991710, 282816055, 433991613, 433991614, 350558655, 433991616, 433991617, 433954373, 433991622, 433991624, 433991626, 433991627, 282815820, 433991629, 433991631, 433991633, 433991635, 433991637, 433991704, 433991639, 433991644, 433991646, 433991648, 433991649, 433992059, 433991657, 433991659, 433991661, 350558662, 433991664, 433991666, 433991668, 433991672, 433991674, 433991615, 433991676, 433906270, 433991678]}}, {"pk": 27, "model": "maap.maapzone", "fields": {"category": [67], "nodes_covered": [434281475, 434281476, 434281479, 434281480, 434281481, 434281483, 434281484, 434281488, 434281493, 434281494, 434281495, 434281499, 434281522, 282816176, 282816177, 282816178, 434281462, 434281549, 498326610, 498326615, 498326616, 498326620, 432617451, 432617462, 432617463]}}, {"pk": 28, "model": "maap.maapzone", "fields": {"category": [67], "nodes_covered": [434017792, 434017793, 434017794, 434017795, 434017796, 434281473, 353111811, 434017791, 434281496, 434281497, 353113906, 353111795, 498326589, 353113920, 353111806, 498326594, 498326596, 498326598, 498326603, 350559310, 498326608, 442080858, 434281472, 353111804, 434017789, 434017776, 434017779, 434281461, 434281463, 434281464, 434281467, 434281468, 434281469, 434281470, 434281471]}}, {"pk": 29, "model": "maap.maapzone", "fields": {"category": [67], "nodes_covered": [282816519, 282816521, 353114508, 282816653, 353114514, 353113885, 282816547, 353114536, 282804660, 353114549, 353113912, 353114548, 353113914, 353113916, 353113917, 353113919, 353114457, 353114459, 432617437, 432617438, 353447391, 353446241, 353447394, 353447397, 353447400, 272172265, 353447403, 432617435, 293055677, 353113843, 353113844, 353113846, 353113848, 353113849, 353113851, 353113853]}}, {"pk": 30, "model": "maap.maapzone", "fields": {"category": [67], "nodes_covered": [434715936, 434715941, 434715942, 434715945, 434783116, 434715920, 434715926, 434715928, 434715930, 434715934, 434715935]}}, {"pk": 31, "model": "maap.maapzone", "fields": {"category": [67], "nodes_covered": [434286124, 433992080, 434286126, 434287128, 434286107, 434286109, 434286110, 434287140, 272172327, 434287144, 434286121, 434286122, 434287148, 434287149, 434287150, 434287151, 434287152, 434287153, 434287154, 434286131, 434286132, 434286134, 434286135, 434286137, 282816060, 434286143, 434286024, 434286034, 434286044, 434468592]}}, {"pk": 32, "model": "maap.maapzone", "fields": {"category": [67], "nodes_covered": [434286082, 434286085, 434286088, 434286090, 434286091, 434286093, 434286094, 434286096, 434286098, 434286099, 434286100, 434286102, 434286103, 434286106, 434286112, 434286114, 434286138, 434286140, 434286141, 434286149, 434286151, 434286157, 434286162, 434286163, 434286166, 434286174, 434286176, 434286177, 434286179, 434286180, 434286182, 434286184, 434286185, 434286190, 434286193, 434286194, 434286197, 434286199, 434286200, 434286201, 434286202, 434286203, 434286204, 434286206, 434286207, 434286209, 434286210, 434286212, 434286213, 434286215, 434286216, 434286217, 434286219, 434286221, 434286222, 434286224, 434286225, 434286229, 434286230, 434286232, 434286234, 434286235, 434286238, 434286239, 434286240, 434286241, 434286242, 434286244, 434286245, 434286247, 434286248, 434286250, 434286252, 434286253, 434286257, 434286258, 434286260, 434286261, 434286263, 434286265, 434286266, 434286268, 434286270, 434286271, 434286273, 434286274, 434286275, 434286276, 434283811, 434286018, 434286019, 434286045, 434286047, 434286049, 434286079]}}, {"pk": 33, "model": "maap.maapzone", "fields": {"category": [67], "nodes_covered": [434286187, 434287129, 434286167, 434286092, 434287120, 434286168, 434287123, 434287125, 434287127, 434286105, 434287130, 434287131, 434287132, 434287133, 434287135, 434287136, 434287138, 434286115, 434286116, 434287141, 434286118, 434286119, 434287146, 434286127, 434286128, 434286129, 434286130, 434286154, 434286144, 434286146, 434286147, 434286152, 434286025, 434286026, 434286027, 434286028, 434286029, 434286030, 434286160, 434286035, 434286036, 434286158, 434286038, 434286039, 434286040, 434286169, 434286171, 434286173, 434287121, 434286037, 434287143, 434286188, 434286191, 434468597, 434286155, 434468600, 434468603, 434286165]}}, {"pk": 34, "model": "maap.maapzone", "fields": {"category": [67], "nodes_covered": [433991811, 432701636, 433991815, 432693391, 432693392, 433992087, 432701593, 433991714, 350558653, 432701605, 433991720, 433991722, 433991724, 433991726, 433991773, 433991728, 433991730, 433991732, 432701622, 433991736, 432701626, 433991740, 433991997, 433991742, 433991744, 433991746, 433991748, 433991734, 433991750, 350558664, 433991765, 433991768, 433991641, 433991770, 433991738, 433991775, 433991777, 433991779, 433991781, 433991783, 433991785, 433991787, 433991790, 433991791, 433991797, 433991798, 433991799, 433991800, 433991801, 433991802, 433991803, 433991804, 433991805, 433991806]}}, {"pk": 35, "model": "maap.maapzone", "fields": {"category": [67], "nodes_covered": [432701654, 432701667, 432701664, 432701668, 432701598, 282816050, 282816051, 282816056, 347260371, 347260370, 347260369, 347260379, 347260377, 347260382, 347260381, 347260405, 432693378, 432693379, 432693383, 432693381, 350558652, 433992089, 433992088, 433991984, 433991986, 433991988, 433991989, 433991990, 433991991, 433991992, 433991993, 433991994, 433991996, 433991969, 433991971, 433991973, 433991975, 433991977, 433991979, 433991981, 433991955, 433991953, 433991959, 433991957, 433991963, 433991961, 433991966, 433991967, 433991939, 433991937, 433991943, 433991941, 433991947, 433991945, 433991949, 433991919, 433991917, 433991915, 433991913, 433991911, 433991909, 433991907, 433991905, 433991935, 433991933, 433991931, 433991929, 433991926, 433991925, 433991923, 433991921, 433991885, 433991887, 433991880, 433991882, 433991883, 433991876, 433991878, 433991874, 433991901, 433991903, 433991897, 433991899, 433991893, 433991895, 433991889, 433991891, 433991850, 433991854, 433991852, 433991843, 433991841, 433991847, 433991845, 433991867, 433991865, 433991871, 433991869, 433991859, 433991858, 433991856, 433991863, 433991861, 433991817, 433991818, 433991820, 433991822, 433991809, 433991813, 433991832, 433991835, 433991837, 433991839, 433991824, 433991826, 433991828, 433991830, 433991807, 433991651, 433991653, 433991655]}}, {"pk": 36, "model": "maap.maapzone", "fields": {"category": [67], "nodes_covered": [433992070, 433992076, 433991951, 433992081, 433992051, 433991998, 433992000, 433992001, 433992002, 433992003, 433992004, 433992005, 433992006, 433992007, 433992009, 433992010, 433992030, 433992035, 433992037, 433992038, 433992039, 433992043, 433992044, 433992045, 433991793, 433992050, 433991795, 433992052, 433992053, 433992056]}}, {"pk": 37, "model": "maap.maapzone", "fields": {"category": [67], "nodes_covered": [434738135, 434738193, 351962131, 434738196, 434738199, 434738203, 351960615, 434738095, 434738096, 434738098, 434738102, 434738103, 434716089, 434738107, 434738108, 434738110, 434738116, 434738118, 434738119, 434738121, 434738123, 434738124, 434738126, 434738127, 434738129, 434738130, 434738132, 434738105, 434738137, 434738139, 434716129, 434716087]}}, {"pk": 38, "model": "maap.maapzone", "fields": {"category": [67], "nodes_covered": [434738176, 434738177, 434738178, 434738181, 434738183, 434738184, 434738187, 434738189, 351962135, 434738207, 434738210, 434738216, 434738220, 434738163, 434738100, 434715969, 434738134, 434738138, 434738141, 434738142, 434738143, 434738145, 434738146, 434738148, 434738149, 434738151, 434738154, 434738155, 434738158, 434738160, 434738162, 434728051, 434738171, 434738173, 434738175]}}, {"pk": 39, "model": "maap.maapzone", "fields": {"category": [67], "nodes_covered": [435715717, 435715728, 435715730, 435715732, 435715734, 435715929, 435715609, 435715738, 435715760, 435715740, 435715869, 435715870, 435715871, 435715872, 435715873, 435715874, 435715875, 435715620, 435715623, 435715624, 435715626, 435715628, 435715757, 435715886, 435715741, 435715632, 435715765, 435715762, 435715892, 435715637, 435715638, 435715895, 435715896, 435715764, 435715898, 435715888, 435715772, 435715940, 435715646, 435715893, 435715611, 435715777, 435715650, 435715779, 435715652, 435715781, 435715654, 435715911, 351962185, 435715658, 435715767, 435715660, 435715743, 435715790, 435715661, 435715792, 435715640, 435715794, 435715796, 435715798, 434547928, 435715876, 435715802, 435715663, 435715804, 435715933, 435715806, 435715808, 434283792, 435715810, 435715939, 435715788, 435715941, 435715942, 435715815, 435715613, 435715642, 435715931, 435715668, 435715775]}}, {"pk": 40, "model": "maap.maapzone", "fields": {"category": [67], "nodes_covered": [435715840, 435715969, 435715726, 435715745, 435715749, 435715751, 435715753, 435715754, 435715926, 435715928, 435715673, 435715675, 435715677, 435715681, 435715683, 435715684, 435715688, 435715817, 435715692, 435715822, 435715695, 435715698, 435715700, 435715703, 435715832, 435715705, 435715707]}}, {"pk": 41, "model": "maap.maapzone", "fields": {"category": [67], "nodes_covered": [435715841, 435715714, 435715843, 435715845, 435715847, 435715720, 435715828, 435715851, 435715724, 435715854, 435715855, 435715715, 435715861, 435715992, 435715865, 435715877, 435715878, 435715879, 435715880, 435715882, 435715883, 435715755, 435715527, 435715530, 435715719, 435715819, 435715820, 435715824, 435715569, 435715571, 435715572, 435715830, 435715834, 435715835, 435715708]}}, {"pk": 42, "model": "maap.maapzone", "fields": {"category": [67], "nodes_covered": [435715973, 435715974, 435715975, 435715976, 435715977, 435715978, 435715981, 435715982, 435715983, 435715984, 435715985, 435715988, 435715989, 435715990, 435715991, 435715899, 435715903, 435715905, 435715907, 435715918, 435715920, 435715922, 435715938, 435715944, 435715948, 435715949, 435715950, 435715951, 435715958, 435715959, 435715960, 435715963, 435715964, 435715965, 435715966]}}, {"pk": 43, "model": "maap.maapzone", "fields": {"category": [67], "nodes_covered": [435715586, 435747746, 435747748, 435747879, 435747881, 435757738, 435757740, 435747783, 435757768, 435757770, 435757772, 435747793, 435747794, 435757783, 435757785, 435757787, 435757789, 435757791, 435715945, 435747829, 435757737, 435747836]}}, {"pk": 44, "model": "maap.maapzone", "fields": {"category": [67], "nodes_covered": [435715947, 435715909, 435715980, 435715979, 435715916, 435715885, 435757742, 435757773, 435757744, 435757777, 435715986, 435757779, 435757748, 435757781, 435757750, 435757746, 435715961, 435715962, 435715579, 435715987, 435757775]}}, {"pk": 45, "model": "maap.maapzone", "fields": {"category": [67], "nodes_covered": [435757729, 435715574, 435757761, 435715881, 435715914, 435715532, 435757757, 435757716, 435757759, 435757718, 435757719, 435757752, 435757721, 435757754, 435757723, 435715868, 435757725, 435757727]}}, {"pk": 46, "model": "maap.maapzone", "fields": {"category": [67], "nodes_covered": [434478336, 434478337, 434478338, 434478340, 434478345, 434478346, 434478347, 434283793, 434283794, 351962222, 434534683, 434283805, 434283806, 434534687, 434534688, 434534689, 434478322, 434489007, 434489008, 434489009, 434489010, 434489011, 434489012, 434489013, 434489014, 434489015, 434489016, 434478324, 435715523, 351962180, 351962183, 434478327, 434547920, 434547924, 434478329, 434547930, 434547931, 434478330, 434478304, 434478306, 434478307, 434547940, 434547942, 434478332, 434478314, 434478315, 434478317, 434478318, 434478319, 434286066, 434478323, 434286068, 434478334, 434286070, 434286071, 434478328, 434286073, 434286074, 434478331, 434286076, 434478333, 434286078, 434489017]}}, {"pk": 12, "model": "maap.maapmultiline", "fields": {"category": [66], "geom": "MULTILINESTRING ((-7146721.2126136999577284 -3693052.0351207000203431, -7146501.4561574002727866 -3693102.1969205001369119, -7146353.3594150999560952 -3692450.0935231000185013, -7146102.5504160979762673 -3691390.7240843786858022, -7146085.8298161653801799 -3691261.1394348787143826, -7146045.2226448981091380 -3690786.6924117365851998, -7145989.0892022643238306 -3690489.7524718255735934, -7146103.1475803889334202 -3690463.1040156800299883, -7145924.8940418064594269 -3690117.7564460500143468, -7145852.4878724468871951 -3689885.3662328980863094, -7145876.0012161014601588 -3689797.8350119250826538, -7145849.5393737982958555 -3689684.7983445669524372, -7145470.8439112212508917 -3689827.7328815343789756, -7145305.3827512655407190 -3689243.5137668712995946, -7144983.7864579390734434 -3689142.4967802204191685, -7144861.2068254118785262 -3689080.6421655090525746, -7144875.1597088528797030 -3689025.8282868191599846, -7144914.3830218734219670 -3688986.4780618059448898, -7144959.0755782825872302 -3688915.4468209291808307, -7144955.1466280231252313 -3688854.8503005877137184, -7144923.3239387255162001 -3688794.6938262498006225, -7144908.6069226423278451 -3688758.6439462467096746, -7144915.5803574016317725 -3688721.5097491783089936, -7144972.8118602829053998 -3688576.3438225663267076, -7144953.6544690569862723 -3688550.3396733622066677, -7144948.8530877111479640 -3688505.0907274601049721, -7144982.2822540374472737 -3688469.3286402751691639, -7144985.2620586873963475 -3688440.1014752988703549, -7144700.1131049962714314 -3687678.4353743065148592, -7144705.0382061414420605 -3687647.5405938695184886, -7144544.4749073563143611 -3687193.1774553740397096, -7144986.1148416241630912 -3687030.4896287294104695, -7146327.8121686382219195 -3686575.9180383048951626, -7146479.1279056230559945 -3686526.5871995333582163, -7146633.6114595122635365 -3686470.2720731296576560, -7146727.5738363945856690 -3686759.8059086832217872, -7146880.8502672752365470 -3686688.3993558804504573, -7147057.2149180397391319 -3686569.6902440898120403, -7149745.4505332130938768 -3685573.9820918696932495, -7150542.5658572353422642 -3685393.8194145141169429, -7151454.6848029540851712 -3684794.9541064049117267, -7153281.8334704292938113 -3684048.8425683872774243, -7153927.8782052146270871 -3684175.0161402774974704, -7154033.5327734556049109 -3684117.4757409794256091, -7154061.2791576758027077 -3684020.6288130250759423, -7154042.9054784830659628 -3683961.4563919482752681, -7153090.1990711623802781 -3682152.3206169549375772, -7152871.8208379130810499 -3681861.6376127661205828, -7152796.0729211596772075 -3681790.3444818118587136, -7152754.6159770824015141 -3681644.8196881948970258, -7152659.8391339052468538 -3681466.9563775109127164, -7152571.8435410456731915 -3681355.3324794010259211, -7152494.4045447492972016 -3681309.0751588796265423, -7152429.4098181342706084 -3681226.2300702822394669, -7152390.9408119935542345 -3681057.0143693410791457, -7152370.5119803547859192 -3680606.9419774441048503, -7152506.0056496802717447 -3680429.6789241665974259, -7152542.6999416071921587 -3680350.6020260620862246, -7152594.2721787141636014 -3680165.4182950416579843, -7152540.7435019435361028 -3679989.7891925550065935, -7152653.2264959495514631 -3679952.7022038120776415, -7152179.1861093193292618 -3678554.7092148475348949, -7152410.3427141653373837 -3678323.8895185296423733, -7152617.8843162301927805 -3678183.3987704673781991, -7152923.4966450370848179 -3678072.5462251668795943, -7153470.4312364682555199 -3678027.2717453348450363, -7153863.3313888553529978 -3678000.4543554359115660, -7153867.4945658044889569 -3677984.6570033533498645, -7153880.3251113817095757 -3677980.3413130124099553, -7153890.3233698708936572 -3677986.5437678084708750, -7153896.8154098242521286 -3677996.8109666057862341, -7154893.4058316117152572 -3677910.3375514973886311))"}}, {"pk": 96, "model": "maap.icon", "fields": {"image": "icons/pool.png", "name": "pool"}}, {"pk": 97, "model": "maap.icon", "fields": {"image": "icons/soccer.png", "name": "soccer"}}, {"pk": 98, "model": "maap.icon", "fields": {"image": "icons/pizza.png", "name": "pizza"}}, {"pk": 99, "model": "maap.icon", "fields": {"image": "icons/tennis.png", "name": "tennis"}}, {"pk": 100, "model": "maap.icon", "fields": {"image": "icons/beautiful.png", "name": "beautiful"}}, {"pk": 101, "model": "maap.icon", "fields": {"image": "icons/accident.png", "name": "accident"}}, {"pk": 102, "model": "maap.icon", "fields": {"image": "icons/coffee.png", "name": "coffee"}}, {"pk": 103, "model": "maap.icon", "fields": {"image": "icons/zoo.png", "name": "zoo"}}, {"pk": 104, "model": "maap.icon", "fields": {"image": "icons/camping.png", "name": "camping"}}, {"pk": 105, "model": "maap.icon", "fields": {"image": "icons/animals.png", "name": "animals"}}, {"pk": 106, "model": "maap.icon", "fields": {"image": "icons/dates.png", "name": "dates"}}, {"pk": 107, "model": "maap.icon", "fields": {"image": "icons/factory.png", "name": "factory"}}, {"pk": 108, "model": "maap.icon", "fields": {"image": "icons/flowers.png", "name": "flowers"}}, {"pk": 109, "model": "maap.icon", "fields": {"image": "icons/church.png", "name": "church"}}, {"pk": 110, "model": "maap.icon", "fields": {"image": "icons/apartment.png", "name": "apartment"}}, {"pk": 111, "model": "maap.icon", "fields": {"image": "icons/bread.png", "name": "bread"}}, {"pk": 112, "model": "maap.icon", "fields": {"image": "icons/skiing.png", "name": "skiing"}}, {"pk": 113, "model": "maap.icon", "fields": {"image": "icons/poker.png", "name": "poker"}}, {"pk": 114, "model": "maap.icon", "fields": {"image": "icons/music.png", "name": "music"}}, {"pk": 115, "model": "maap.icon", "fields": {"image": "icons/monday.png", "name": "monday"}}, {"pk": 116, "model": "maap.icon", "fields": {"image": "icons/drugs.png", "name": "drugs"}}, {"pk": 117, "model": "maap.icon", "fields": {"image": "icons/club.png", "name": "club"}}, {"pk": 118, "model": "maap.icon", "fields": {"image": "icons/library.png", "name": "library"}}, {"pk": 119, "model": "maap.icon", "fields": {"image": "icons/bank.png", "name": "bank"}}, {"pk": 120, "model": "maap.icon", "fields": {"image": "icons/museum.png", "name": "museum"}}, {"pk": 121, "model": "maap.icon", "fields": {"image": "icons/playground.png", "name": "playground"}}, {"pk": 122, "model": "maap.icon", "fields": {"image": "icons/parking.png", "name": "parking"}}, {"pk": 123, "model": "maap.icon", "fields": {"image": "icons/cloudsun.png", "name": "cloudsun"}}, {"pk": 124, "model": "maap.icon", "fields": {"image": "icons/hotel.png", "name": "hotel"}}, {"pk": 125, "model": "maap.icon", "fields": {"image": "icons/train.png", "name": "train"}}, {"pk": 126, "model": "maap.icon", "fields": {"image": "icons/doctor.png", "name": "doctor"}}, {"pk": 127, "model": "maap.icon", "fields": {"image": "icons/firemen.png", "name": "firemen"}}, {"pk": 128, "model": "maap.icon", "fields": {"image": "icons/realestate.png", "name": "realestate"}}, {"pk": 129, "model": "maap.icon", "fields": {"image": "icons/cycling.png", "name": "cycling"}}, {"pk": 130, "model": "maap.icon", "fields": {"image": "icons/administration.png", "name": "administration"}}, {"pk": 131, "model": "maap.icon", "fields": {"image": "icons/restaurantchinese.png", "name": "restaurantchinese"}}, {"pk": 132, "model": "maap.icon", "fields": {"image": "icons/horseriding.png", "name": "horseriding"}}, {"pk": 133, "model": "maap.icon", "fields": {"image": "icons/restaurantjapanese.png", "name": "restaurantjapanese"}}, {"pk": 134, "model": "maap.icon", "fields": {"image": "icons/findjob.png", "name": "findjob"}}, {"pk": 135, "model": "maap.icon", "fields": {"image": "icons/satursday.png", "name": "satursday"}}, {"pk": 136, "model": "maap.icon", "fields": {"image": "icons/military.png", "name": "military"}}, {"pk": 137, "model": "maap.icon", "fields": {"image": "icons/hospital.png", "name": "hospital"}}, {"pk": 138, "model": "maap.icon", "fields": {"image": "icons/university.png", "name": "university"}}, {"pk": 139, "model": "maap.icon", "fields": {"image": "icons/videogames.png", "name": "videogames"}}, {"pk": 140, "model": "maap.icon", "fields": {"image": "icons/golf.png", "name": "golf"}}, {"pk": 141, "model": "maap.icon", "fields": {"image": "icons/bar.png", "name": "bar"}}, {"pk": 142, "model": "maap.icon", "fields": {"image": "icons/park.png", "name": "park"}}, {"pk": 143, "model": "maap.icon", "fields": {"image": "icons/port.png", "name": "port"}}, {"pk": 144, "model": "maap.icon", "fields": {"image": "icons/school.png", "name": "school"}}, {"pk": 145, "model": "maap.icon", "fields": {"image": "icons/taxi.png", "name": "taxi"}}, {"pk": 146, "model": "maap.icon", "fields": {"image": "icons/cinema.png", "name": "cinema"}}, {"pk": 147, "model": "maap.icon", "fields": {"image": "icons/supermarket.png", "name": "supermarket"}}, {"pk": 148, "model": "maap.icon", "fields": {"image": "icons/info.png", "name": "info"}}, {"pk": 149, "model": "maap.icon", "fields": {"image": "icons/toys.png", "name": "toys"}}, {"pk": 150, "model": "maap.icon", "fields": {"image": "icons/schrink.png", "name": "schrink"}}, {"pk": 151, "model": "maap.icon", "fields": {"image": "icons/highway.png", "name": "highway"}}, {"pk": 152, "model": "maap.icon", "fields": {"image": "icons/girlfriend.png", "name": "girlfriend"}}, {"pk": 153, "model": "maap.icon", "fields": {"image": "icons/theater.png", "name": "theater"}}, {"pk": 154, "model": "maap.icon", "fields": {"image": "icons/fastfood.png", "name": "fastfood"}}, {"pk": 155, "model": "maap.icon", "fields": {"image": "icons/airport.png", "name": "airport"}}, {"pk": 156, "model": "maap.icon", "fields": {"image": "icons/car.png", "name": "car"}}, {"pk": 157, "model": "maap.icon", "fields": {"image": "icons/bowling.png", "name": "bowling"}}, {"pk": 158, "model": "maap.icon", "fields": {"image": "icons/sunday.png", "name": "sunday"}}, {"pk": 159, "model": "maap.icon", "fields": {"image": "icons/company.png", "name": "company"}}, {"pk": 160, "model": "maap.icon", "fields": {"image": "icons/stoplight.png", "name": "stoplight"}}, {"pk": 161, "model": "maap.icon", "fields": {"image": "icons/thunder.png", "name": "thunder"}}, {"pk": 162, "model": "maap.icon", "fields": {"image": "icons/restaurant.png", "name": "restaurant"}}, {"pk": 163, "model": "maap.icon", "fields": {"image": "icons/toilets.png", "name": "toilets"}}, {"pk": 164, "model": "maap.icon", "fields": {"image": "icons/carrepair.png", "name": "carrepair"}}, {"pk": 165, "model": "maap.icon", "fields": {"image": "icons/tuesday.png", "name": "tuesday"}}, {"pk": 166, "model": "maap.icon", "fields": {"image": "icons/disability.png", "name": "disability"}}, {"pk": 167, "model": "maap.icon", "fields": {"image": "icons/fishing.png", "name": "fishing"}}, {"pk": 168, "model": "maap.icon", "fields": {"image": "icons/sun.png", "name": "sun"}}, {"pk": 169, "model": "maap.icon", "fields": {"image": "icons/thursday.png", "name": "thursday"}}, {"pk": 170, "model": "maap.icon", "fields": {"image": "icons/recycle.png", "name": "recycle"}}, {"pk": 171, "model": "maap.icon", "fields": {"image": "icons/beach.png", "name": "beach"}}, {"pk": 172, "model": "maap.icon", "fields": {"image": "icons/hiking.png", "name": "hiking"}}, {"pk": 173, "model": "maap.icon", "fields": {"image": "icons/casino.png", "name": "casino"}}, {"pk": 174, "model": "maap.icon", "fields": {"image": "icons/farm.png", "name": "farm"}}, {"pk": 175, "model": "maap.icon", "fields": {"image": "icons/rain.png", "name": "rain"}}, {"pk": 176, "model": "maap.icon", "fields": {"image": "icons/police.png", "name": "police"}}, {"pk": 177, "model": "maap.icon", "fields": {"image": "icons/computer.png", "name": "computer"}}, {"pk": 178, "model": "maap.icon", "fields": {"image": "icons/friends.png", "name": "friends"}}, {"pk": 179, "model": "maap.icon", "fields": {"image": "icons/wednesday.png", "name": "wednesday"}}, {"pk": 180, "model": "maap.icon", "fields": {"image": "icons/bus.png", "name": "bus"}}, {"pk": 181, "model": "maap.icon", "fields": {"image": "icons/friday.png", "name": "friday"}}, {"pk": 182, "model": "maap.icon", "fields": {"image": "icons/gazstation.png", "name": "gazstation"}}, {"pk": 183, "model": "maap.icon", "fields": {"image": "icons/clothes.png", "name": "clothes"}}, {"pk": 184, "model": "maap.icon", "fields": {"image": "icons/justice.png", "name": "justice"}}, {"pk": 185, "model": "maap.icon", "fields": {"image": "icons/home.png", "name": "home"}}, {"pk": 186, "model": "maap.icon", "fields": {"image": "icons/postal.png", "name": "postal"}}, {"pk": 187, "model": "maap.icon", "fields": {"image": "icons/clouds.png", "name": "clouds"}}, {"pk": 188, "model": "maap.icon", "fields": {"image": "icons/shoes.png", "name": "shoes"}}, {"pk": 189, "model": "maap.icon", "fields": {"image": "icons/wifi.png", "name": "wifi"}}, {"pk": 190, "model": "maap.icon", "fields": {"image": "icons/truck.png", "name": "truck"}}]
